,tweet,label
0,رئيس جبهة الخلاص الوطني في  تونس: ندعو لتشكيل حكومة إنقاذ وطني تجمع كلمة التونسيين,real
1,مراسل  الجزيرة: عمليات تخريب خلال مواجهات بين قوات الأمن الفرنسية ومحتجين على مقتل 3 أكراد في هجوم باريس,real
2,غازبروم: انخفاض صادرات الغاز للبلدان خارج رابطة الدول المستقلة بمعدل 44.5% خلال الأشهر العشرة الأخيرة,real
3,رويترز عن مصادر: حزمة المساعدات الأمريكية الجديدة تتيح لأوكرانيا قدرات لهزيمة المسيرات وتعزيز دفاعاتها الجوية,real
4,إعلان الطوارئ في ولاية جنوب دارفور وحظر التجوال في محافظة بليل إثر اندلاع أعمال عنف قبلي,real
5,رويترز: الأمريكية سارة كريفانيك التي أمرت السلطات الروسية بترحيلها على خلفية نزاع أسري تقول إنها غادرت روسيا,real
6,الدفاع الروسية: توجيه ضربات لأنظمة التحكم العسكري والمجمع الصناعي الدفاعي ومرافق الطاقة في أوكرانيا,real
7,وزير الخارجية الروسي: الدول الأوروبية أصبحت غير قادرة على حماية مصالحها,real
8,البيت الأبيض: الرئيس بايدن يفوض وزير الخارجية بتقديم مساعدات أمنية لأوكرانيا بقيمة مليار دولار,real
9,الكرملين: العلاقات الروسية الغربية وصلت إلى مرحلة المواجهة وعلينا التعايش مع هذه الظروف,real
10,رئيس الفيفا: إقامة مباريات كأس العالم في نوفمبر وديسمبر له تأثير إيجابي,real
11,وزير الخارجية الأمريكي: بريتني غرينر في طريقها إلى منزلها بعد أشهر من الاعتقال غير المشروع في روسيا,real
12,وزارة الدفاع الروسية: تدمير ورش لصيانة أسلحة الجيش الأوكراني في مدينة كراماتورسك,real
13,بوتين: يجب الاستفادة من خبرة قواتنا العسكرية التي عملت في  سوريا,real
14,الكرملين: سقف الاتحاد الأوروبي لأسعار الغاز هجوم على آلية تحديد السوق للسعر وهو غير مقبول,real
15,وكالة الأنباء الألمانية عن الأمين العام للنيتو: الدعم العسكري لأوكرانيا هو أسرع طريق للسلام,real
16,الكرملين: لم تكن هناك دعوة سلام حقيقية من بايدن وزيلنسكي ولم يكن هناك تحذير من قصف المباني السكنية بدونباس,real
17,البيت الأبيض: نعتقد أن وضع سقف لسعر النفط الروسي سيثبت سعره المخفض,real
18,الكرملين: لدى روسيا وتركيا بعض الخلافات حول  سوريا لكن مستوى العلاقات بين البلدين يسمح بحلها من خلال المحادثات,real
19,مصادر تركية للجزيرة: اجتماع موسكو بحث تصورا يضع حدا لوجود ما تعرف بقوات  سوريا الديمقراطية شمالي  سوريا,real
20,أ.ب عن مسؤولين أمريكيين: المساعدات الجديدة لأوكرانيا هي الأضخم في سلسلة المعدات المقدمة من مخزون البنتاغون,real
21,رئيس الوزراء الياباني: اليابان والولايات المتحدة تواجهان تحديات وبيئة أمنية معقدة,real
22,أ.ف.ب عن مصادر أمنية مصرية: مقتل 3 من عناصر الشرطة باعتداء على حاجز أمني في مدينة الإسماعيلية شرقي  مصر,real
23,رويترز: فشل أول محاولة أوروبية لإطلاق قمر صناعي من غرب القارة نتيجة خلل حال دون وصول الصاروخ إلى مداره,real
24,"مصادر رسمية تركية للجزيرة: أنقرة اشترطت عودة مؤسسات النظام السوري بدلا من ""قوات  سوريا الديمقراطية""",real
25,الخارجية الروسية: شروع الاتحاد الأوروبي في إنشاء محكمة خاصة بروسيا تستر على تورطه في جرائم الحرب بأوكرانيا,real
26,الرئاسة الأوكرانية: هناك نهاية واحدة للحرب بخسارة المعتدي ومعاقبته بقسوة,real
27,"قاض أمريكي يفرض على منظمة ترمب غرامة قدرها 1,6 مليون دولار بسبب التهرب الضريبي",real
28,أمين عام حزب العمال التونسي: ديكتاتورية قيس سعيد ستسقط مثلما سقطت ديكتاتورية بن علي,real
29,رئيس الوزراء البريطاني: أمن الطاقة في بلادنا يتطلب منع الشركات الصينية من المشاركة في مشاريعنا,real
30,مستشار الرئيس الأوكراني: الاختراقات في العمق الروسي تعكس فقدان سيطرة موسكو على مناطق العمليات بأوكرانيا,real
31,أسوشييتد برس: البحرية التايلاندية تقول إن 31 بحارا ما زالوا في المياه بعد غرق السفينة الحربية في خليج تايلاند,real
32,محامي شبكة  الجزيرة: على المحكمة الجنائية تحديد من شاركوا بشكل مباشر في اغتيال شيرين ومن أعطى الأوامر,real
33,مسؤول حكومي للجزيرة: قتلى وجرحى في تفجير وقع داخل مدرسة دينية في ولاية سمنغان شمالي أفغانستان,real
34,وزارة الدفاع الروسية: تدمير 4 مستودعات ذخيرة تابعة للقوات الأوكرانية في مقاطعة زابوروجيا,real
35,البيان الختامي للقمة الخليجية: أشاد المجلس الأعلى بنتائج القمة الخليجية الأمريكية في إطار الشراكة الاستراتيجية,real
36,سلطات الاحتلال تبلغ الجانب الفلسطيني باستشهاد الشاب الذي تعرض لإطلاق نار في بلدة حوارة جنوبي نابلس,real
37,أسوشييتد برس عن حاكم نيويورك: ارتفاع عدد ضحايا العاصفة الثلجية التي تضرب الولاية إلى 12 قتيلا,real
38,رئيس الوزراء السويدي: تركيا طلبت منا أشياء لا يمكن تلبيتها مقابل موافقتها على دعم انضمامنا للنيتو,real
39,مراسل  الجزيرة: الجيش الإسرائيلي يعتقل يحيى السعدي نجل القيادي بحركة الجهاد الشيخ بسام السعدي من مخيم جنين,real
40,رئيس الفيفا: إيرادات كأس العالم في  قطر بلغت 7.5 مليار دولار بزيادة مليار دولار عن النسخة السابقة,real
41,الرئيس الأوكراني: الوضع في دونيتسك صعب ويتطلب مستوى جديدا من المساعدات العسكرية,real
42,الدفاع الروسية: المقاتلات الروسية والصينية لم تخترق المجال الجوي لأي دول أخرى خلال الدوريات المشتركة,real
43,وزارة الدفاع الكورية الجنوبية: سول وواشنطن عقدتا اجتماعا استشاريا أمنيا في نوفمبر من العام الماضي,real
44,مستشار الأمن القومي الأمريكي: الولايات المتحدة لم تتلق أي طلب رسمي من الحكومة البرازيلية بشأن بولسونارو,real
45,بوريل: الأمر الصادر عن بوتين بوقف إطلاق النار في أوكرانيا يفتقر للمصداقية,real
46,السنوار: تقديراتنا الاستخبارية أننا سنكون عام 2023 أمام استحقاقات وطنية كبرى وعلى مقاومتنا الاستعداد لها,real
47,رويترز: مقتل عسكري وإصابة آخر في تبادل لإطلاق النار في ثكنة تابعة لقاعدة جوية في بلدة فينر نويشتات النمساوية,real
48,سلطات ولاية نيويورك الأمريكية: وفاة 25 شخصا في منطقة بوفالو غربي الولاية بسبب موجة البرد القارس,real
49,ريا نوفوستي: غروسي سيناقش غدا في موسكو إمكانية إنشاء منطقة آمنة حول محطة زابوروجيا النووية,real
50,الرئيس الأوكراني: مدينة باخموت الأوكرانية ما تزال صامدة رغم قصف المرتزقة المتواصل منذ مايو الماضي,real
51,قادة الاتحاد الأوروبي يقررون منح البوسنة والهرسك صفة دولة مرشحة لعضوية الاتحاد,real
52,نوفاك: روسيا تعيد توجيه واردات الطاقة للأسواق الأخرى والأولوية ستكون لدول آسيا وإفريقيا وأمريكا اللاتينية,real
53,الدفاع الروسية: مقتل أكثر من 70 مرتزقا أجنبيا في دونيتسك وخاركيف,real
54,مراسلة الجزير: وزير الأمن القومي الإسرائيلي إيتمار بن غفير يقتحم ساحات المسجد الأقصى,real
55,بلينكن: دعمنا الجماعي لأوكرانيا ساعدها على شن هجمات مضادة وتحرير أراضيها,real
56,الخارجية الأمريكية: السيطرة على بلدة سوليدار في حال صحتها تؤكد تحقيق موسكو مكاسب ضئيلة مقابل تكاليف باهظة,real
57,بوريل: لا يزال الاتحاد الأوروبي ملتزما بتقديم الدعم العسكري لأوكرانيا وشركاء آخرين على حد سواء,real
58,الصحة الفلسطينية: استشهاد فتاة تبلغ من العمر 16 عاما بنيران جنود الاحتلال خلال اقتحام مدينة جنين,real
59,سلطات خاركيف الأوكرانية: قصف المنطقة الصناعية في المدينة ب4 صواريخ روسية من  طراز إس-300,real
60,عبد الفتاح البرهان: نتطلع لحكومة مدنية تحقق تطلعات الشعب السوداني,real
61,الرئاسة الأوكرانية: زيلنسكي يزور باخموت على خط الجبهة شرقي البلاد,real
62,الكرملين: الرئيسان الروسي والتركي ناقشا في اتصال هاتفي مشروعات الطاقة المشتركة خاصة في قطاع الغاز,real
63,محامي شبكة  الجزيرة: نأمل أن تتحقق العدالة لشيرين ونحث المدعي العام على اتخاذ الإجراءات لمحاسبة المسؤولين,real
64,واشنطن بوست عن مسؤولين أمريكيين: إدارة بايدن ستزود أوكرانيا بتقنية تسمح بتحويل الذخائر الجوية إلى قنابل ذكية,real
65,مندوب  تركيا بمجلس الأمن: الحديث عن تأثير عملياتنا ضد حزب العمال الكردستاني على مواجهة تنظيم الدولة غير واقعي,real
66,الخارجية الأمريكية: دعوة روسيا للهدنة مثيرة للسخرية بعد مهاجمتها البنية التحتية الأوكرانية يوم رأس السنة,real
67,مراسل  الجزيرة عن مصدر أمني أفغاني: تفجير قرب مقر للشرطة في ولاية بدخشان شمالي البلاد,real
68,رويترز عن الإدارة العسكرية في كييف: أسقطنا 9 طائرات مسيرة إيرانية الصنع في مجالنا الجوي,real
69,"مصادر تركية للجزيرة: الوفد الروسي أبلغنا موافقة ""قوات  سوريا الديمقراطية"" على المقترح شرط عدم حصول اجتياح تركي",real
70,وزارة الدفاع الروسية: تدمير أكثر من 500 طائرة ومروحية للقوات الأوكرانية منذ بدء العملية العسكرية في أوكرانيا,real
71,مساعد وزير الخارجية الإيراني للجزيرة: التهديدات الإسرائيلية لا تقلقنا ومستعدون للرد على أي اعتداء,real
72,الأمين العام للاتحاد التونسي للشغل: أدعو للاستعداد لمعركة وطنية من أجل إنقاذ  تونس,real
73,الجيش الأوكراني: قصف روسي يستهدف البنية التحتية في مقاطعة دنيبرو جنوبي أوكرانيا,real
74,رويترز عن الأمين العام للنيتو: من الخطورة التقليل من شأن روسيا ونحتاج إلى مزيد من الجنود والذخائر والأسلحة,real
75,"مصدر تركي رسمي للجزيرة: لن نمدد المهلة الزمنية والبديل عن خروج ""قوات  سوريا الديمقراطية"" عملية عسكرية",real
76,رئيس جبهة الخلاص في  تونس للجزيرة: لا خروج من الأزمة في  تونس إلا عبر قيادة سياسية جديدة ومن خلال صندوق الاقتراع,real
77,أردوغان: إذا فشلت السويد في اتخاذ إجراءات إزاء حزب العمال الكردستاني قد يتصاعد التوتر في العلاقات,real
78,سلطات مقاطعة زابوروجيا الأوكرانية: مقتل شخصين وإصابة آخرين في قصف روسي على المقاطعة,real
79,قوى مدنية توقع على الاتفاق السياسي الإطاري مع مجلس السيادة السوداني,real
80,مراسل  الجزيرة: دوي انفجارات في مقاطعة زابوروجيا جنوبي أوكرانيا,real
81,الدفاع الروسية: مقتل 63 جنديا روسيا جراء هجوم صاروخي للقوات الأوكرانية على ماكييفكا في دونيتسك,real
82,رئيس مجلس السيادة في  السودان: لن نتراجع عما اتفقنا عليه ولن يكون للقوات المسلحة أي دور في العملية الانتقالية,real
83,رويترز: أردوغان يقول إنه يريد عقد اجتماع مع الرئيس السوري ويؤكد أن لدى بوتين نظرة إيجابية لهذا الأمر,real
84,وسائل إعلام تركية: تحييد مسؤولة المخابرات في حزب العمال الكردستاني في عملية للاستخبارات التركية شمالي  العراق,real
85,لافروف: اقترحنا توقيع اتفاقية بشأن الأمن الأوروبي وقد تم رفض ذلك,real
86,شويغو: القوات المسلحة ستزيد من استخدام الطيران في مناطق عمليات الدفاع الجوي الجديدة للعدو,real
87,البيان الختامي للقمة الصينية العربية: احترام حق الشعوب  في طرق تطويرها للديمقراطية ورفض التدخل في شؤونها,real
88,البيت الأبيض: مباحثات بايدن ورئيس الوزراء الياباني ستشمل ملفات الصين وروسيا والبرنامج الصاروخي لكوريا الشمالية,real
89,أردوغان: ننشئ حزاما أمنيا على طول حدودنا الجنوبية بأكملها من الغرب إلى الشرق في أقرب وقت ممكن,real
90,نائب رئيس مكتب زيلنسكي: انقطاع الكهرباء عن خيرسون بشكل كامل بسبب القصف الروسي العنيف للبنية التحتية,real
91,إدارة الطيران الفدرالية الأمريكية: نواصل البحث في سبب العطل الفني الذي أدى إلى تعطيل الحركة الجوية,real
92,عمدة ميكولايف الأوكرانية: نحذر من هجوم صاروخي روسي واسع وندعو السكان إلى توخي الحذر,real
93,الخارجية الصينية: المفاوضات الحالية بشأن الملف النووي الإيراني وصلت إلى مفترق طرق,real
94,وزير الخارجية الأمريكي: بوتين وجه غضبه ونيرانه إلى المدنيين في أوكرانيا خلال الأسابيع الماضية,real
95,سي إن إن عن مصادر: إطلاق سراح لاعبة كرة السلة الأمريكية  بريتني غرينر المحتجزة بروسيا في صفقة تبادل أسرى,real
96,السلطات الأوكرانية في أوديسا: هجوم صاروخي روسي يستهدف البنية التحتية في المدينة جنوبي البلاد,real
97,البعثة الأمريكية: لا يمكن أن تكون طالبان عضوا شرعيا في المجتمع الدولي حتى تحترم حقوق كل الأفغان وخاصة النساء,real
98,مراسلة  الجزيرة: صافرات الإنذار تدوي في العاصمة الأوكرانية كييف بعد إعلان حالة الإنذار الجوي,real
99,وسائل إعلام برازيلية: حاكم برازيليا يقرر إنزال جميع أفراد الشرطة إلى الشوارع لاحتواء المظاهرات,real
100,رئيس الوزراء البريطاني: أصابني الذهول جراء إعدام المواطن البريطاني الإيراني علي رضا أكبري,real
101,الدفاع الأمريكية: نحرص ألا تؤدي المساعدات التي نقدمها لأوكرانيا من مخزوناتنا إلى التأثير على جاهزيتنا,real
102,البيت الأبيض تعليقا على الاحتجاجات في الصين: للمواطنين الحق في الاحتجاج السلمي ويجب عدم إعاقته أو التدخل فيه,real
103,المتحدث باسم حركة النهضة التونسية: سياسة الهروب للأمام وفبركة السلطة قضايا للخصوم سياسة فاشلة,real
104,وزير الخارجية الأوكراني: لا نرى أي مؤشرات على أن الجانب الروسي مستعد حقا للمفاوضات,real
105,رويترز عن بيان للبنتاغون: أوستن يبلغ نظيره التركي معارضته الشديدة لعملية عسكرية تركية جديدة في  سوريا,real
106,وول ستريت جورنال عن مصادر: الحرب في أوكرانيا سببت تأخير طلبات أسلحة أمريكية موجهة لتايوان بقيمة ١٩ مليار دولار,real
107,رئيس مجموعة زوكونفت الألمانية: وضع سقف لأسعار الغاز وهم سياسي لا يمكن تنفيذه عمليا,real
108,الخارجية الإيرانية: لسنا جزءا من الحرب بأوكرانيا والاتهامات ضدنا واهية,real
109,المرشد الإيراني: الغرب يريد إسقاط النظام في  إيران ولن يتمكن من ذلك,real
110,وزير الدفاع الأمريكي: نعمل على أن نكون قادرين على نشر قوات أمريكية في العالم بسرعة أكبر,real
111,وزيرة الخارجية الألمانية: خاركيف هي رمز الجنون المطلق للحرب العدوانية الروسية على أوكرانيا,real
112,بوريل: القوة المميتة لا يمكن تبريرها إلا في المواقف التي يوجد فيها تهديد خطير على الحياة,real
113,الجيش الأمريكي: مقاتلة صينية اقتربت بشكل غير آمن من مقاتلة أمريكية يوم 21 ديسمبر فوق بحر جنوب الصين,real
114,الخارجية الإيرانية: ندين بشدة العدوان الصهيوني على مطار  دمشق ونعتبره انتهاكا لسيادة  سوريا ووحدة أراضيها,real
115,رئيس الفيفا: أعتبر أداء المنتخب المغربي في بطولة كأس العالم الحالية رائعا واستثنائيا,real
116,وزير العدل الألماني: السلطات تنفذ منذ صباح اليوم عملية كبرى لمكافحة الإرهاب,real
117,أ ب عن المتحدثة باسم الأمم المتحدة: لا يمكن للأمين العام التوسط بشأن أوكرانيا إلا إذا أرادت جميع الأطراف ذلك,real
118,بايدن: يمكن للطائرات الهبوط بأمان لكن لا يمكنها الإقلاع بسبب العطل التقني,real
119,الجمعية العامة للأمم المتحدة تعتمد قرارا يطلب فتوى محكمة العدل عن انتهاك إسرائيل حق الفلسطينيين بتقرير المصير,real
120,أكسيوس عن البيت الأبيض: نتطلع إلى العمل مع إسرائيل لتعزيز المصالح والقيم التي كانت في صميم علاقتنا لعقود,real
121,زيلنسكي: الروس يضغطون بكل إمكانياتهم ومواردهم لتحقيق بعض التقدم في جبهة دونباس,real
122,المتحدثة باسم قيادة العمليات الجنوبية بالجيش الأوكراني للجزيرة: نتوقع أي عمل عدواني من بيلاروسيا ومستعدون لذلك,real
123,منتخب  المغرب يتأهل لدور الثمانية في كأس العالم  قطر ٢٠٢٢ كأول منتخب عربي يبلغ هذا الدور,real
124,رئيس هيئة الأركان الإيرانية: ردنا على أي هجوم عسكري علينا سيشمل المعتدي والبلد الذي انطلق منه الاعتداء,real
125,بيونغ يانغ: من حقنا اتخاذ تدابير عسكرية حاسمة لحماية حقوقنا وسنظهر بالأفعال خطورة الخيارات اليابانية الأخيرة,real
126,مصادر للجزيرة: بولندا تعطل حزمة العقوبات الأوروبية التاسعة على روسيا بسبب خلاف على أسماء تشملها العقوبات,real
127,منظمة مراسلون بلا حدود: ندعو المدعي العام للمحكمة الجنائية إلى التحرك وفتح تحقيق بشأن اغتيال شيرين,real
128,البيت الأبيض: الوثائق السرية التي عثر عليها في منزل الرئيس بايدن وضعت في مكان غير مناسب بشكل غير مقصود,real
129,مدير الوكالة الدولية للطاقة الذرية: نحرز تقدما في جهود إنشاء منطقة آمنة حول محطة زابوروجيا للطاقة النووية,real
130,الخارجية الأمريكية: إذا كانت روسيا جادة بشأن السلام وإنهاء الحرب فعليها سحب قواتها من الأراضي الأوكرانية,real
131,مراسل  الجزيرة: سلطات الاحتلال الإسرائيلي ترحل الأسير صلاح الحموري إلى فرنسا بعد إلغاء إقامته في القدس,real
132,بوتين: روسيا وبيلاروسيا ستواصلان إجراء التدريبات العسكرية المشتركة,real
133,الأمين العام للنيتو: النظام الروسي يريد أوروبا مختلفة والتحكم في جيرانه ويرى في الديمقراطية خطرا عليه,real
134,بيان أمريكي فرنسي مشترك: بايدن وماكرون يؤكدان أهمية وجود دفاع أوروبي قوي وأكثر فعالية,real
135,أ.ف.ب عن متحدث باسم الخارجية الأمريكية: نحض بوتين على إنهاء الحرب في أوكرانيا في خطوة تالية للاعتراف بالواقع,real
136,مديرة الاستخبارات الوطنية الأمريكية: سعي روسيا للحصول على ذخائر دقيقة من  إيران أمر مقلق للغاية,real
137,البرهان للجزيرة: المجموعات التي ترفض الاتفاق الإطاري قد يكون لديها أجندة خارجية,real
138,وزير الدفاع الأمريكي: على الكونغرس التصديق على تمويل الوزارة لسنة كاملة قبل نهاية 2022 لتتمكن من تنفيذ برامجها,real
139,رئيس الفيفا: سعيد للغاية بالمستوى الرائع الذي وصلت إليه كرة القدم الإفريقية في مونديال  قطر,real
140,مصدر أمني للجزيرة: اشتباك يدور بين مسلحين والقوات الأفغانية مع بدء تمشيط للمبنى المطل على سفارة باكستان بكابل,real
141,الدفاع التركية: مقتل عسكريين اثنين في منطقة عمليات المخلب القفل شمالي  العراق وجرح ثلاثة آخرين,real
142,"حركة الجهاد الإسلامي وذراعها المسلح ""سرايا القدس"" تنعيان شهيدي جنين وتقولان إنهما من أبرز قادتهما الميدانيين",real
143,الرئاسة الأوكرانية: الرئيس زيلنسكي اقترح خلال اتصاله الهاتفي مع الرئيس الأمريكي تنظيم قمة سلام عالمية,real
144,زيلنسكي: دعمكم بالغ الأهمية ليس فقط للتقدم على ساحة المعركة وإنما للوصول إلى نقطة التحول لتحقيق النصر,real
145,البيت الأبيض: بايدن رحب في اتصال مع نظيره الأوكراني  بانفتاح زيلنسكي على سلام قائم على مبادىء الأمم المتحدة,real
146,الرئيس الروسي: من المهم العمل المشترك في مجال تطوير التقنية العالية,real
147,"إيلون ماسك: سأستقيل من رئاسة تويتر عندما أجد شخصا ""أحمقا"" لتولي المنصب وسأكتفي بعضوية فريق المنصة",real
148,وزير الدفاع التركي: يمكن تقديم مساهمات جادة لإحلال السلام في  سوريا والمنطقة عبر الجهود التي ستبذل قريبا,real
149,مسؤول حكومي للجزيرة: 11 قتيلا وعشرات الجرحى في انفجار صهريج غاز داخل نفق شمالي العاصمة الأفغانية كابل,real
150,مصادر للجزيرة: وزراء الطاقة في الاتحاد الأوروبي يناقشون اليوم مقترحا جديدا لتحديد سقف أسعار الغاز,real
151,رئيسة صندوق النقد الدولي في مقابلة مع سي بي إس: زيادة إصابات كوفيد في الصين نبأ مقلق للاقتصاد العالمي,real
152,رويترز عن مسؤولين أوروبيين: ألمانيا صوتت لصالح وضع سقف لأسعار الغاز,real
153,رويترز عن المرشد الإيراني: أفراد قوات الباسيج المتطوعون ضحوا بأنفسهم لإنقاذ الشعب من مثيري الشغب,real
154,القوات الجوية الروسية: نجاح اختبار منظومة دفاعية جديدة مضادة للصواريخ والأهداف الجوية بحقل في كازاخستان,real
155,حاكم دنيبروبتروفسك: الجيش الروسي يطلق صاروخين على منشأة للنقل في كريفي ريه ويلحق دمارا هائلا,real
156,وزير الخارجية التركي: تركيا تأثرت كثيرا بما يحدث في  سوريا وعلينا مواجهة الإرهاب,real
157,"الحرس الثوري الإيراني يعلن مقتل أحد أفراد قوات التعبئة ""البسيج"" في احتجاجات بمدينة سميرم في أصفهان وسط البلاد",real
158,وزير الخارجية البريطاني: السلطات الصينية سحبت بناء على طلبنا 6 من مسؤولي قنصليتها في مانشستر,real
159,الأمين العام للنيتو: روسيا تريد تهديد وحدة أمن أوروبا وهذا لن يحدث,real
160,مجلس الأمن البيلاروسي: الوضع ليس هادئا على حدودنا الجنوبية ومستعدون لأي أعمال استفزازية من جانب أوكرانيا,real
161,بايدن: فوجئت بأن تسجيلات حكومية أخذت إلى مكتبي السابق ونتعاون مع التحقيق وأتمنى أن ينتهي سريعا,real
162,بيان النيتو والاتحاد الأوروبي: سنعزز التعاون بمجالات الأمن بأوروبا ونكرس الإمكانات لتحقيق الأهداف المشتركة,real
163,المدعي العام الإيراني: البرلمان والمجلس الأعلى للثورة يبحثان مسألة الحجاب وسيعلنان النتائج خلال أسبوعين,real
164,العاهل الأردني: لن نقبل التطاول أو الاعتداء على أفراد أجهزتنا الأمنية الساهرين على أمن الوطن والمواطن,real
165,الرئيس الصيني: نحرص على تضافر الجهود مع دول مجلس التعاون الخليجي وبناء معادلة جديدة في مجال الطاقة,real
166,رويترز: قوات  سوريا الديمقراطية تعلن تعليق التنسيق والعمليات المشتركة مع التحالف الدولي بعد القصف التركي,real
167,أردوغان: سنمضي في طريقنا لإنشاء منطقة عازلة على طول الحدود مع  سوريا,real
168,وزيرة الطاقة الأمريكية: حققنا إنجازا علميا بميدان الاندماج النووي يمهد للتقدم في مجالي الدفاع والطاقة النظيفة,real
169,وزير الخارجية الإيراني: ناقشت مع وزيرة خارجية فرنسا تعديل مواقف باريس تجاهنا واتفقنا أن الدبلوماسية هي الأفضل,real
170,المدعي العام الايراني: البرلمان والمجلس الأعلى للثورة يبحثان مسألة الحجاب وسيعلنان النتائج خلال أسبوعين,real
171,الخارجية الأمريكية: واشنطن والاتحاد الأوروبي يدعوان جميع الأطراف لضبط النفس وخفض التصعيد شمالي كوسوفو,real
172,رئيس الوكالة الدولية للطاقة: يبدو أننا خرجنا من أزمة الطاقة هذا الشتاء ومخزوننا مرتفع جدا لكن الأزمة مستمرة,real
173,وزارة الدفاع الروسية: قواتنا سيطرت بشكل كامل على مدينة سوليدار الليلة الماضية,real
174,وزير الخارجية السعودي: الشراكة الاستراتيجية  السعودية الصينية مهمة للغاية,real
175,الأمين العام للنيتو: الحلف سيواصل دعم أوكرانيا ومدها بأنظمة دفاعية جوية إضافية,real
176,الخارجية الأمريكية: نعارض أي عمل عسكري تركي في  سوريا من شأنه زعزعة الاستقرار وتقويض جهود محاربة تنظيم الدولة,real
177,الخارجية الأردنية: استدعاء السفير الإسرائيلي للاحتجاج  على اقتحام وزير الأمن القومي الإسرائيلي المسجد الأقصى,real
178,البرهان للجزيرة: انتظرنا عاما كاملا من أجل توافق القوى السياسية في  السودان ولم يحدث ذلك,real
179,الدفاع الروسية: إسقاط 15 مسيرة أوكرانية خلال يوم واحد في دونيتسك ولوغانسك وزابوروجيا وخيرسون,real
180,البيت الأبيض: لا دليل على أن تعطل نظام إشعارات الطيران سببه هجوم إلكتروني,real
181,الرئيس الأوكراني: المدفعية التي نمتلكها ليست كافية لقواتنا التي تدافع عن مدينة باخموت,real
182,بوتين: ما يحدث الآن مأساة للشعبين الروسي والأوكراني ليس بسبب روسيا وإنما بسبب سياسة الدول الأخرى,real
183,مديرة صندوق النقد الدولي: هذه السنة ستكون أصعب من سابقتها لمعظم اقتصادات العالم,real
184,حركة حماس: لن نسمح للاحتلال بتغيير المعادلات وسنواصل الدفاع عن أبناء شعبنا في كل أماكن وجوده,real
185,"البيت الأبيض: نعتقد أنه سيكون من الصعب على الصين احتواء كورونا من خلال استراتيجية ""صفر كوفيد""",real
186,البرهان للجزيرة: لن نقف مع من يعمل على تدمير البلاد ونقف على مسافة واحدة مع من يخدم  السودان,real
187,الخارجية الإيرانية: واشنطن والدول الغربية لها دور في أعمال الشغب في  إيران ولدينا معلومات دقيقة بشأن ذلك,real
188,الخارجية الإيرانية: مستعدون لإنهاء المفاوضات النووية شريطة مراعاة خطوطنا الحمر واستعدادنا لذلك لن يبقى للأبد,real
189,متحدث باسم القيادة الوسطى الأمريكية للجزيرة:  قوات  سوريا الديمقراطية تواصل تنفيذ الدوريات وحفظ الأمن,real
190,رويترز عن وكالة يونهاب: كوريا الشمالية أطلقت صاروخا باليستيا باتجاه البحر شرقي شبه  الجزيرة الكورية,real
191,وزير الخارجية السعودي: السعودية منفتحة على التعاون مع الجميع والتعاون مع الصين ضروري لتطوير نمونا و رفاهيتنا,real
192,الخارجية الأوكرانية: إرسال طرود دموية لسفاراتنا وقنصلياتنا بدول بينها المجر وهولندا وبولندا وكرواتيا وإيطاليا,real
193,رويترز: الولايات المتحدة ترحب بالاتفاق الإطاري للانتقال السياسي في  السودان,real
194,المندوبة الأمريكية بمجلس الأمن: قلقون من احتمال زعزعة استقرار المنطقة جراء التصعيد في شمال  سوريا,real
195,بوتين: العلاقات بين روسيا والصين مستمرة في التطور رغم عدم استقرار الوضع الدولي,real
196,لينا أبو عاقلة: أدلة كثيرة قدمها شهود العيان والمنظمات الدولية تؤكد اغتيال الجيش الإسرائيلي شيرين أبو عاقلة,real
197,رويترز عن قائد عسكري أمريكي رفيع: تشجيع دول مثل كوريا الشمالية على إيجاد مشكلات لنا هو استراتيجية صينية,real
198,سلطة الطيران في نيبال: انتشال 40 جثة من حطام طائرة الركاب المنكوبة في مدينة بوكارا,real
199,وزير الدفاع الأمريكي: أوروبا تواجه أسوأ أزمة أمنية منذ نهاية الحرب العالمية الثانية بسبب طموحات الكرملين,real
200,شركة جت بلو للطيران: نعمل على استئناف العمليات العادية بشكل آمن ولكن التأخير قد يستمر لبعض العملاء,real
201,وزير الدفاع التركي: واشنطن طلبت إعادة دراسة العملية العسكرية المحتملة شمالي  سوريا وطلبنا منها الوفاء بتعهداتها,real
202,مراسل  الجزيرة: إطلاق كثيف للمضادات وسط العاصمة كييف,real
203,بوليتيكو: الدبلوماسيون الأمريكيون ناقشوا مع الأوروبيين تزويد أوكرانيا بأنظمة باتريوت والتداعيات المحتملة لذلك,real
204,نقابة الصحفيين التونسيين: نحذر هيئة الانتخابات من مواصلتها نهج تهديد الصحفيين ووسائل الإعلام,real
205,مراسل  الجزيرة: إعلان حالة التأهب الجوي في عموم مقاطعات الجنوب الأوكرانية وتحذيرات من هجوم روسي واسع,real
206,لافروف: المحرك الرئيسي للنزاع في أوكرانيا هي واشنطن التي تسعى لتحقيق أكبر قدر من المكاسب,real
207,رويترز عن مدير ميناء سيفاستوبول في القرم المعين من قبل روسيا: الدفاعات الجوية أسقطت طائرة مسيرة,real
208,وزير خارجية السويد: نحن في مسار ثابت للوفاء بجميع شروط  تركيا,real
209,بوليتيكو عن مسؤول في البنتاغون: الولايات المتحدة لا تخطط لإرسال دبابات من طراز أبرامز إلى أوكرانيا,real
210,الاتفاق السياسي الإطاري بالسودان: دمج قوات الدعم السريع في القوات المسلحة وفقا للجدول الزمني المحدد,real
211,وزارة الدفاع الروسية: استهداف 3 مستودعات صواريخ وذخيرة للقوات الأوكرانية في منطقة زابوروجيا,real
212,رويترز عن الكرملين: قصف دنيبرو جاء نتيجة لصواريخ الدفاع الجوي التي أطلقتها أوكرانيا,real
213,الجيش الأوكراني: صفقة تبادل جديدة مع الجانب الروسي تم بموجبها الإفراج عن 50 جنديا أوكرانيا,real
214,/ عضو جبهة الخلاص الوطني في تونس رضا بلحاج: أعلمني رئيس فرع المحامين بإحالتي وأحمد نجيب الشابي على التحقيق,real
215,المندوب الروسي إلى فيينا: الحديث عن خطة بديلة بشأن الملف النووي الإيراني قد يؤدي إلى تطورات سلبية للغاية,real
216,مراسلة  الجزيرة: وزير الأمن القومي الإسرائيلي إيتمار بن غفير يقتحم باحات المسجد الأقصى,real
217,الأمين العام للنيتو: إذا لم تنتصر أوكرانيا في الحرب كدولة ذات سيادة فإن عضويتها بالنيتو لن يكون لها معنى,real
218,الرئاسة الأوكرانية: قرار كندا بشراء بطارية NASAMS لبلادنا سيساهم في تعزيز الأمن الأوروبي,real
219,سانا على تويتر: دفاعاتنا الجوية تتصدى لصواريخ العدوان الإسرائيلي في محيط  دمشق,real
220,البيت الأبيض: الرئيس بايدن يعلن ولاية ألاباما منطقة كوارث كبرى بعد موجة فيضانات,real
221,الخارجية الأمريكية: نشعر بخيبة أمل من المبادرة الفلسطينية لطلب رأي استشاري من محكمة العدل الدولية ضد إسرائيل,real
222,وزير الخارجية الباكستاني للجزيرة: اللقاء بين الرئيس الصيني ونظيره الأمريكي أعطى أملا للناس,real
223,مصدر بالمجلس الأعلى للدولة في  ليبيا للجزيرة: المجلس قرر العمل على إنجاز قاعدة دستورية تؤدي لانتخابات عامة,real
224,أ.ب عن مسؤولين ألمان: توقعات بالقبض على المزيد من المتورطين في مخطط إسقاط الحكومة,real
225,السلطات الأوكرانية في أوديسا: قواتنا تسقط صاروخين روسيين استهدفا المقاطعة من شبه جزيرة القرم,real
226,الأمين العام المساعد للاتحاد التونسي للشغل: نحذر من انتفاضة شعب أفقرته السياسات اللاوطنية للحكومات المتعاقبة,real
227,سلطات زابوروجيا الموالية لروسيا: قصف أوكراني يستهدف  المنطقة الصناعية التابعة للمحطة النووية,real
228,الشرطة الألمانية: نحن على تواصل مع محتجز الرهائن في مدينة دريسدن,real
229,بلومبيرغ عن المبعوث الأمريكي الخاص بإيران: إدارة بايدن ستركز الآن على الاحتجاجات بإيران ومدها روسيا بالسلاح,real
230,السفارة الأمريكية في  ليبيا: نؤيد بشدة دعوات الأمم المتحدة  إلى توافق وطني بشأن وضع جدول زمني واضح للانتخابات,real
231,الخارجية الإيرانية: كرة الاتفاق النووي في ملعب الغرب وتبادل الرسائل مع الطرف الآخر متواصل,real
232,الكرملين: لا توجد اتصالات بين روسيا والولايات المتحدة بشأن إمكانية عقد لقاء بين بوتين وبايدن,real
233,نائبة وزير الدفاع الأوكراني: الجيش الروسي يواصل القتال رغم الخسائر الضخمة التي مني بها في سوليدار,real
234,أ.ب عن رئيس هيئة الأركان الأمريكية المشتركة: التدريب القتالي الجديد والموسع للقوات الأوكرانية بدأ في ألمانيا,real
235,مستشار الرئيس الأوكراني: مد أوكرانيا بالسلاح سيعجل بقدوم السلام ومستعدون لطرد روسيا من كل مكان,real
236,رويترز: الجيش الصيني يقول إن ممارسات الجيش الأميركي تنتهك سيادة الصين وأمنها بشكل خطير,real
237,أنصار الرئيس البرازيلي السابق جايير بولسونارو يقتحمون البرلمان والقصر الرئاسي وساحة المحكمة الفيدرالية العليا,real
238,لابيد: نتنياهو يفكك أسس الديمقراطية عبر سعيه لتحديد المدعي العام والقضاة في محاكمته بقضايا فساد,real
239,الناطق باسم الرئاسة التركية: العملية العسكرية قد تبدأ في أي وقت وذلك يعتمد على تقييم المراجع المعنية في  تركيا,real
240,بوريل: أبلغت وزير الخارجية الإيراني بموقف الاتحاد الأوروبي المطالب بوقف الدعم العسكري الإيراني لروسيا,real
241,الأمين العام للاتحاد التونسي للشغل: كان على رئيس البلاد التقاط رسالة الشعب من خلال نسب العزوف,real
242,المستشار الألماني: ألمانيا وفرنسا وقعتا إعلانا مشتركا لتقوية التضامن في مجال الطاقة,real
243,مراسلة  الجزيرة: وزير الأمن القومي الإسرائيلي ومجموعة من المستوطنين يقتحمون باحات المسجد الأقصى,real
244,وزير الدفاع الروسي: روسيا تصنف هجمات القوات الأوكرانية على محطة زابوروجيا النووية إرهابا نوويا,real
245,الاستخبارات العسكرية الألمانية: من بين المشتبه فيهم جندي نشط في القوات الخاصة للجيش وعدد  من جنود الاحتياط,real
246,إدارة الطيران الفدرالية الأمريكية: إحراز تقدم في استعادة نظام الإشعارات بعد انقطاع الخدمة,real
247,البنتاغون: الوزير أوستن أكد أن الدفاع الجوي يمثل أولوية في إطار المساعدات العسكرية الأمريكية لأوكرانيا,real
248,مساعد وزير الخارجية الأمريكي لشؤون الأمن الدولي: الصين تحاول إعادة تشكيل النظام الدولي لمصلحتها,real
249,متحدث باسم القوات الجوية الأوكرانية: يخطئ الروس إذا اعتقدوا أن الحرب لن تمسهم في العمق,real
250,رئيس مجلس السيادة في  السودان: نؤكد التزامنا المعلن بخروج المؤسسة العسكرية نهائيا من العملية السياسية,real
251,الخارجية الأمريكية: بلينكن أكد لنظيره الإسرائيلي التزام واشنطن بحل الدولتين ومعارضتها للسياسات التي تقوضه,real
252,وزير الخارجية السعودي: إذا حصلت  إيران على سلاح نووي فدول الخليج ستسعى إلى ضمان أمنها,real
253,الداخلية الإسبانية: ليس هناك أسباب كافية حتى الآن لرفع مستوى التهديد الإرهابي,real
254,الخارجية الأوكرانية: انفجار عبوة ناسفة مخبأة في مظروف داخل سفارة أوكرانيا في مدريد أسفر عن جرح موظف,real
255,رئيس جبهة الخلاص في  تونس: اعتقال العريض سببه الخيبة التي أصابت رئيس الجمهورية بعد نتائج الانتخابات البرلمانية,real
256,وزير العدل اللبناني: المساعدة القضائية إذا تمت وفق القواعد والأصول لا تشكل تعديا على السيادة اللبنانية,real
257,بلينكن: الدبلوماسية هي الطريق الوحيد لإنهاء الحرب في أوكرانيا وما لم يوقف بوتين عدوانه سنستمر بدعم كييف,real
258,لافروف: واشنطن أوضحت لنا أنها لا تعتزم إرسال خبراء أمريكيين لأوكرانيا لإدارة منظومة باتريوت,real
259,بيان قمة الدول السبع: سنواصل تنسيق جهودنا لتلبية احتياجات أوكرانيا الملحة من حيث المعدات العسكرية والدفاعية,real
260,السفيرة البريطانية في كييف: الهجوم الروسي على أوكرانيا اليوم يؤكد أن موسكو تريد إخضاع كييف وليس السلام,real
261,أوستن: قلقون للغاية من استفزازات كوريا الشمالية تجاه اليابان وجيرانها وندين حرب روسيا غير المبررة على أوكرانيا,real
262,وزراء خارجية 12دولة والاتحاد الأوروبي: ندعو طالبان للتراجع فورا عن قرار منع النساء من العمل بالمنظمات الإغاثية,real
263,رويترز عن مصدر مطلع: قرار أوبك+ عقد اجتماع افتراضي في 4 ديسمبر يشير لعدم وجود احتمال يذكر بتغيير السياسة,real
264,وزير الدفاع الأمريكي: تصرفات الصين الخطيرة في منطقة المحيطين الهندي والهادىء تهدد الأمن والاستقرار في المنطقة,real
265,الرئيس الإيراني: التهديدات لن تؤثر في عزمنا على التقدم والعقوبات والضغوط لا أثر لها,real
266,نائب وزير الخارجية الروسي: على الغرب الاستعداد للرد الروسي على فرضه حدا أعلى لسعر النفط,real
267,وسائل إعلام روسية: بوتين يزور جسر القرم لأول مرة منذ استهدافه بتفجير في أكتوبر الماضي,real
268,الكرملين: منظومات باتريوت وأي أسلحة أخرى مقدمة لأوكرانيا ستكون هدفا مشروعا للقوات الروسية,real
269,كيربي للجزيرة: المفاوضات النووية مع  إيران ليست على الأجندة ونركز على كيفية تعامل النظام الإيراني مع شعبه,real
270,لافروف: سنشهد قريبا تراجعا كبيرا في قدرة الغرب على قيادة العالم,real
271,جبهة الخلاص الوطني في  تونس: مسؤولية إسقاط الانقلاب مسؤولية مجتمعية ولكنها بحاجة لقيادة واضحة,real
272,أوستين: ندعم بشدة سياسات الأمن اليابانية المحدثة بما فيها زيادة الإنفاق الدفاعي وقدرات توجيه ضربات مضادة,real
273,وزير الدفاع الروسي: علاقتنا مع الحلفاء في بيلاروسيا تكتسب أهمية خاصة في مواجهة ضغوط الغرب غير المسبوقة,real
274,وزراء مالية الدول السبع: مستعدون لتقديم المزيد من أجل دعم اقتصاد أوكرانيا ونشجع المانحين على تعزيز مساعداتهم,real
275,وزارة الدفاع الروسية: عودة 50 عسكريا روسيا إلى موسكو كانوا أسرى لدى القوات الأوكرانية,real
276,القرار يطلب رأي محكمة العدل الدولية في تأثير سياسات إسرائيل وممارساتها على الوضع القانوني للاحتلال,real
277,الخارجية البريطانية: وقف جميع وردات الغاز الطبيعي المسال من روسيا اعتبارا من اليوم,real
278,بوريل: إنفاق أورويا الدفاعي ارتفع إلى ٢١٤ مليار يورو العام الماضي لكننا ما زلنا بعيدين عن معيار النيتو,real
279,رئاسة الاتحاد الأوروبي: القصف الروسي لمدينة دنيبرو جريمة حرب,real
280,وزير العدل الألماني: المدعي العام يحقق في ضلوع شبكة إرهابية بالتخطيط لهجوم مسلح على مؤسسات دستورية,real
281,وزير الخارجية الإيراني: بابنا مفتوح لإبرام اتفاق نووي لكنه لن يبقى كذلك إلى الأبد,real
282,الفصائل الفلسطينية: ندعو السلطة الفلسطينية لوقف التنسيق الأمني مع الاحتلال,real
283,الكنيست الإسرائيلي يصدق على منح الثقة للحكومة الجديدة برئاسة نتنياهو بأغلبية 63 صوتا,real
284,الكرملين: محاولات مصادرة الأصول الروسية ستحمل عواقب على جميع البلدان التي ستحاول دعمها,real
285,وكالة يونهاب الكورية الجنوبية: كوريا الشمالية تطلق صاروخا باليستيا باتجاه البحر الشرقي,real
286,وزير الدفاع الروسي: النيتو والولايات المتحدة يقومان بزيادة الدعم العسكري لأوكرانيا,real
287,شويغو: الغرب يسعى لاستمرار الأعمال القتالية في أوكرانيا بهدف إضعاف روسيا,real
288,عميد المحامين التونسيين: قطاع المحاماة لن يبقى مكتوف الأيدي وسنناضل من أجل الحرية والديمقراطية,real
289,مراسل  الجزيرة: مظاهرات مؤيدة للرئيس البرازيلي لولا دا سيلفا ورافضة لاقتحام مباني السلطة في العاصمة برازيليا,real
290,البيت الأبيض: الرئيس بايدن أكد لنظيره البرازيلي دعمه الثابت له ودعاه إلى زيارة البيت الأبيض,real
291,وزير الداخلية الأردني: جريمة قتل نائب مدير أمن معان لن تمر دون عقاب,real
292,المستشار الألماني: الضغط الدولي أرغم روسيا على التراجع عن استخدام السلاح النووي,real
293,غرينفيلد للجزيرة: الرئيس بايدن كان واضحا بأننا لن نقبل بإنتاج  إيران سلاحا نوويا,real
294,وزارة الدفاع الروسية: القوات الأوكرانية قصفت مواقع الجيش الروسي في محور كراسني ليمان 11 مرة,real
295,وزير الدفاع الأوكراني: لا نستبعد أن يكون سقوط صاروخ في بيلاروسيا استفزازا روسيا متعمدا,real
296,منظمو مظاهرات باريس يطلبون من المتظاهرين في ساحة الجمهورية المغادرة ويعتبرون أن المواجهات الجارية لا تمثلهم,real
297,رئيسة مجلس الاتحاد الروسي: لا نرى توفر أي شروط للدخول في مفاوضات قريبة مع أوكرانيا,real
298,محامو الرئيس الأمريكي: تم العثور على وثائق سرية إضافية في بيت الرئيس بايدن في مدينة ويلمنغتون,real
299,أردوغان: لن نحصل على إذن من أحد لمحاربة التنظيمات الإرهابية,real
300,رويترز: إدخال الرئيس البرازيلي السابق بولسونارو إلى المستشفى في الولايات المتحدة بعد معاناته من آلام في البطن,real
301,التلفزيون الايراني: جهاز الاستخبارات أوقف شبكة تجسس كانت تخطط لعمليات تخريبية ضد أنظمة الصناعات الدفاعية,real
302,وزارة الصحة الفلسطينية: استشهاد فلسطيني برصاص الاحتلال الإسرائيلي خلال اقتحام قرية بيت أمر شمالي الخليل,real
303,الرئيس البولندي: روسيا تؤدي دورا مدمرا في مولدوفا والبلقان,real
304,مجلس النواب الأمريكي يعلق أعماله إلى منتصف الخميس لانتخاب رئيس جديد له بعد إخفاقه في ست جولات سابقة,real
305,وزير الدفاع الروسي: القوات الأوكرانية تعرضت لخسائر كبيرة,real
306,مصادر تركية للجزيرة: اجتماع موسكو بحث فتح الطرق الدولية والسماح للبضائع التركية بالمرور عبر الأراضي السورية,real
307,الرئيس الصيني: ندعم الجانب العربي في إيجاد حلول للقضايا الشائكة في المنطقة,real
308,"د ب أ: الادعاء العام الألماني أصدر أوامر باعتقال 25 فردا يشتبه في انتمائهم إلى مجموعة ""مواطني الرايخ""",real
309,الخارجية الإيرانية: لا نعير اهتماما لتهديدات الحكومة الإسرائيلية الجديدة وسنرد بشكل صارم وجاد على أي اعتداء,real
310,مكتب رئيس وزراء بريطانيا: سنبدأ في تدريب القوات الأوكرانية على استخدام الدبابات والمدافع في الأيام المقبلة,real
311,رويترز: تويتر يحذف من خاصية البحث روابط تشمل مواضيع من بينها حرية التعبير ومنع الانتحار وانتشار كوفيد والإيدز,real
312,رويترز: الرئيس الصربي يقول إن الصرب في شمال كوسوفو سيشرعون في إزالة الحواجز من الطرق صباح اليوم,real
313,سفير روسيا لدى واشنطن: تدريب الولايات المتحدة قوات أوكرانية على منظومة باتريوت يؤكد مشاركتها فعليا في النزاع,real
314,وزير الخارجية الباكستاني للجزيرة: ورثنا من الحكومة السابقة بلدا منقسما واقتصادا منهارا,real
315,وسائل إعلام فرنسية: المشتبه به سبق أن هاجم مركزا للاجئين والادعاء يبحث أي خلفيات عنصرية محتملة لإطلاق النار,real
316,وزارة الدفاع الأوكرانية: الهجوم الروسي على وسط العاصمة كييف اليوم لم يستهدف أي مواقع عسكرية,real
317,البيان الختامي للقمة الخليجية: نتطلع لأن تسهم القمتان في تعزيز التعاون والشراكة الاستراتيجية مع الصين,real
318,الدفاع الروسية: تدمير مستودعين أوكرانيين للصواريخ وقذائف المدفعية في دونيتسك وزابوروجيا,real
319,الرئيس الأمريكي: نقف ضد حرب روسيا الوحشية على أوكرانيا,real
320,وزارة الدفاع الروسية: نفذنا ضربة انتقامية ردا على هجوم ماكييفكا أدت لمقتل 600 عسكري أوكراني في كراماتورسك,real
321,البيت الأبيض: بايدن وجه وزارة النقل بإجراء تحقيق كامل في الأسباب وستوفر إدارة الطيران الفدرالية تحديثات منتظمة,real
322,الخارجية الصينية: نحث واشنطن وطوكيو على التخلي عن عقلية الحرب الباردة والتوقف عن خلق أعداء وهميين,real
323,وزارة الدفاع الروسية: قواتنا سيطرت على مدينة سوليدار,real
324,إدارة الطيران الفدرالية الأمريكية: استئناف رحلات المغادرة من مطاري نيوارك وأتلانتا,real
325,جون كيربي للجزيرة: بايدن سيبحث مع زيلنسكي الوضع في ساحات المعارك وما يمكن لواشنطن القيام به لمساعدة أوكرانيا,real
326,سلطات دونيتسك الموالية لروسيا: تضرر مكتب اللجنة الدولية للصليب الأحمر في دونيتسك جراء قصف أوكراني,real
327,مراسل  الجزيرة: قوات الاحتلال الإسرائيلي تقتحم البلدة القديمة بنابلس وسماع دوي انفجارات وإطلاق نار,real
328,وكالة الأنباء الفلسطينية: شهيدان إثر اقتحام قوات الاحتلال الإسرائيلي مخيم جنين,real
329,وزير الخارجية الإيراني: واشنطن تهدف إلى الضغط على  طهران من أجل تقديم تنازلات,real
330,جوزيف بوريل: روسيا تدمر البنية التحتية المدنية في أوكرانيا وهي جريمة حرب وسنساعد في محاسبة مجرمي الحرب,real
331,الناطق باسم قيادة الجيش الأوكراني للجزيرة: باخموت تتعرض لقصف مكثف بالصواريخ بعد إخراج القوات الروسية منها,real
332,الأمين العام للنيتو: بوتين يفشل في أوكرانيا ويحاول استخدام فصل الشتاء سلاحا في حربه,real
333,الخارجية الإيرانية: الرياض وطهران متفقتان على مواصلة المحادثات ويمكن عقد جولة جديدة في  بغداد,real
334,وزيرة الخارجية الألمانية: نريد المشاركة في حوار وثيق مع لندن لتزويد الأوكرانيين بالأسلحة والإغاثة,real
335,وزارة الصحة الفلسطينية: 3 إصابات برصاص الاحتلال الإسرائيلي خلال اقتحام البلدة القديمة في نابلس,real
336,عضو جبهة الخلاص الوطني في  تونس عبد اللطيف المكي:  جيشنا وأمننا وقضاؤنا وشعبنا لن يرضخوا للاستبداد,real
337,بلينكن: نعمل مع حلفائنا على تجديد البنى التحتية الأوكرانية وسنقف مع كييف مهما تطلب الأمر,real
338,سوليفان: أسلوبنا الأساسي في التعامل مع التحدي الصيني هو المنافسة والاستثمار في مصادر قوتنا الوطنية,real
339,رئيس الاتحاد الدولي لكرة القدم: 5 مليارات مشاهد حول العالم تابعوا مباريات كأس العالم في  قطر حتى الآن,real
340,وزير الخارجية التركي: من الممكن بدء مباحثات سياسية استشارية مع  مصر على مستوى نائبي وزيري الخارجية,real
341,وسائل إعلام أمريكية: فوز الديمقراطي رفائيل وارنوك في جولة الإعادة لانتخابات مجلس الشيوخ عن جورجيا,real
342,البيان الختامي للقمة العربية الصينية: التأكيد على أن تايوان جزء لا يتجزأ من الأراضي الصينية ورفض استقلالها,real
343,بوتين: سنزيد من القدرة الدفاعية للبلاد وسنواصل تنفيذ البرامج الاجتماعية واسعة النطاق,real
344,"مصادر رسمية تركية للجزيرة: أنقرة اشترطت انسحاب ""قوات  سوريا الديمقراطية"" من منبج وعين العرب وتل رفعت",real
345,ممثل مفوضية الاتحاد الإفريقي بالسودان: على المجتمع الدولي دعم الحكومة الجديدة لمواجهة التحديات,real
346,الخارجية الأمريكية: تركيا حليف مهم ونعمل لضمان أن تحصل على ما يلزمها من تكنولوجيا للدفاع عن نفسها,real
347,السلطات الأوكرانية في خيرسون: مقتل 3 مدنيين وإصابة 14  في قصف روسي على المقاطعة,real
348,أردوغان: لسنا مضطرين لتحمل رياء القوى الداعمة للتنظيمات الإرهابية من خلال تغيير أسماء التنظيمات لتبرير دعمها,real
349,وكالة يونهاب للأنباء: كوريا الجنوبية ترد بالمثل على كوريا الشمالية وترسل مسيرات إلى بيونغ يانغ,real
350,شركة غاز بروم: روسيا وتركيا بدأتا بالفعل تنفيذ مشروع إنشاء مركز لتوزيع الغاز في  تركيا,real
351,البنتاغون: استأنفنا الدوريات المشتركة مع قوات  سوريا الديمقراطية في شمال  سوريا منذ يوم الجمعة الماضي,real
352,رئيس وزراء بريطانيا: اتفاق الشراكة بين لندن وواشنطن في مجال الطاقة يهدف لتقليل الاعتماد على الإمدادات الروسية,real
353,الاتفاق السياسي الإطاري في  السودان: إطلاق عملية شاملة تحقق العدالة الانتقالية,real
354,أ ف ب عن السفارة الروسية في برلين: لا علاقة لنا مع أي مجموعات إرهابية وغير قانونية في ألمانيا,real
355,مندوب روسيا في مجلس الأمن الدولي: مستعدون للتفاوض لإزالة الأسباب الجذرية لعمليتنا العسكرية الخاصة في أوكرانيا,real
356,الكرملين: بوتين أكد لأردوغان ضرورة إزالة العوائق أمام تصدير منتجات روسيا الزراعية والأسمدة ضمن اتفاق الحبوب,real
357,بلينكن: ممتن لفريق الخارجية ولزملائنا في جميع أجهزة الحكومة الذين عملوا بلا كلل لتأمين إطلاق سراح بريتني,real
358,مراسل  الجزيرة: إعلان حالة التأهب الجوي في العاصمة كييف وعموم أوكرانيا,real
359,الرئيس البيلاروسي: نلحظ استعداد الدول المجاورة لعدوان محتمل على بيلاروسيا,real
360,رويترز: الاتفاقية الدفاعية المزمع توقيعها بين بريطانيا واليابان تسمح للبلدين بنشر قوات على أراضي كل منهما,real
361,نائب المندوبة الأمريكية بمجلس الأمن: نتوقع أن تتابع حكومة إسرائيل التزامها بالحفاظ على الوضع الراهن في القدس,real
362,رويترز عن عضو بمجلس إدارة منطقة زابوروجيا الموالي لروسيا: سيرغي كيرينكو كبير مساعدي بوتين يزور المحطة النووية,real
363,عضو لجنة التحقيق باقتحام الكونغرس آدم شيف: نعتقد أن هناك أدلة كافية في تقرير اللجنة لتوجيه الاتهام إلى ترمب,real
364,الرئيس التركي: لدينا حق مشروع ولا أحد بإمكانه أن يقف أمام ممارستنا حقنا,real
365,بوتين: أطلب من وزارة الدفاع تحليل تجربة وتكتيك النيتو وإدخالها في برنامج إعداد القوات وتسليح الجيش,real
366,وزير الداخلية الأردني: جريمة مقتل نائب مدير أمن معان لن تمر دون عقاب,real
367,نتنياهو: سنعمل على منع إيصال الأسلحة من  إيران إلى  سوريا,real
368,الكرملين: الولايات المتحدة تواصل القتال الفعلي وغير المباشر مع روسيا حتى آخر أوكراني,real
369,وزير الدفاع الأمريكي: روسيا لم تتعرض لأي تهديد والحرب التي تشنها ليست نتيجة لتوسع النيتو بل هي سبب توسع الحلف,real
370,رئيس الإدارة العسكرية في كييف: هجوم روسي مكثف يستهدف أوكرانيا واستمرار الإنذار الجوي في العاصمة,real
371,السلطات الأوكرانية بمقاطعة خيرسون: مقتل شخصين وإصابة آخرين في قصف روسي على المقاطعة,real
372,الأناضول: وزير الدفاع التركي أبلغ نظيره الأمريكي أن إلحاق الأذى بقوات التحالف أو المدنيين أمر غير وارد نهائيا,real
373,نائب رئيس الوزراء الروسي: فرض سقف لأسعار النفط الروسي محفوف بالمخاطر بما في ذلك نقص في العرض,real
374,البيت الأبيض: الأسلحة التي نرسلها إلى أوكرانيا تصلها بسرعة فائقة,real
375,بيانات ملاحية لمواقع رصد حركة الطيران: إجمالي عدد الرحلات التي ألغيت داخل أمريكا وخارجها بلغ 127 رحلة,real
376,مراسل  الجزيرة: قصف على وسط العاصمة الأوكرانية كييف,real
377,خفر السواحل الياباني: سقوط صاروخ يعتقد أنه كوري شمالي في مياهنا الإقليمية,real
378,أردوغان: هناك من أرادوا الاستفادة من القطيعة في فترة ما مع دول الخليج لكن خططهم فشلت عندما أزلنا هذه القطيعة,real
379,مبعوث الكرملين إلى  سوريا: موسكو تعمل على عقد لقاء رئاسي بين  تركيا وسوريا في روسيا,real
380,وزير الخارجية الإيراني: ناقشت مع بوريل جميع جوانب اتفاق فيينا بشكل صريح وبناء,real
381,وكالة الصحافة الفرنسية: أنصار رئيس بيرو بيدرو كاستيلو يتظاهرون أمام البرلمان بعد التصويت على عزله,real
382,مراسل  الجزيرة: الإعلان عن حكومة جديدة في البيرو بعد عزل الرئيس السابق بتهمة محاولة الانقلاب على الدستور,real
383,نائب رئيس الوزراء الروسي: ندرس مع الصين تسوية المدفوعات دون استخدام نظام سويفت عبر فتح حسابات مصرفية متبادلة,real
384,ولي العهد السعودي: نذكر بأهمية حل القضية الفلسطينية وفقا لمبدأ حل الدولتين,real
385,بوتين: العقوبات على روسيا أدت إلى أرقام قياسية للتضخم في الدول الأوروبية,real
386,مراسلة  الجزيرة: صافرات الإنذار تدوي في العاصمة الأوكرانية كييف,real
387,حاكم خاركيف الأوكرانية: قصف روسي بالصواريخ على المدينة شرقي البلاد,real
388,البيت الأبيض: من الواضح أن الحرب في أوكرانيا دخلت مرحلة جديدة مع دخول الشتاء وتصعيد روسيا هجماتها,real
389,المحكمة العليا في البرازيل توافق على إدراج الرئيس السابق بولسونارو في التحقيق في اقتحام مقار السلطات الثلاث,real
390,الدفاع الروسية: إحباط محاولة هجوم للقوات الأوكرانية على محور جنوب دونيتسك وتصفية ما يصل إلى 40 جنديا أوكرانيا,real
391,وزير الداخلية الأردني: سنتخذ إجراءات أمنية مشددة ونعزز القوات الأمنية في المناطق التي تشهد اضطرابات,real
392,وزيرة خارجية ألمانيا: كلما أسرع بوتين في إدراك أن حربه العدوانية ستفشل كلما تسارع الأمل في إنهاء الحرب,real
393,الأمين العام للنيتو: سنستمر ونصعد ونضمن حصول أوكرانيا على الأسلحة والذخيرة طالما تطلب الأمر,real
394,الرئيس التركي: نريد تنفيذ خطوات بشكل ثلاثي بين كل من  تركيا وروسيا وسوريا,real
395,زعيم دونيتسك الموالي لروسيا: تحرير سوليدار يفتح الطريق لتحرير أراضينا بشكل كامل,real
396,مندوب فلسطين في الأمم المتحدة: التاريخ يؤكد أن إصرار إسرائيل على هذا الطريق لا يؤدي للاستسلام بل للانتفاضة,real
397,وزيرة الخارجية الفرنسية: وعود بتقديم أكثر من مليار يورو خلال مؤتمر باريس بشأن أوكرانيا,real
398,مستشار بوزارة الدفاع الأوكرانية للجزيرة: 70 % من معدات الجيش الأوكراني في الحرب الحالية هي صناعة محلية,real
399,وسائل إعلام فرنسية: إصابة عدة أشخاص في عملية طعن بمحطة غارد دي نورد في باريس,real
400,البنتاغون: قلصنا عدد دورياتنا مع قوات  سوريا الديمقراطية شمالي  سوريا ونركز على القضاء على تنظيم الدولة,real
401,رئيس هيئة الأركان الإيرانية: ما يتم ترويجه بشأن استعمال المسيرات الإيرانية في أوكرانيا حرب نفسية ضد  إيران,real
402,الهلال الأحمر الفلسطيني: إصابة 11 فلسطينيا خلال اعتداء قوات الاحتلال على تظاهرة سلمية قرب حاجز قلنديا,real
403,حركة النهضة: قاضي التحقيق في ما يعرف بقضية التسفير في  تونس يقرر سجن نائب رئيس الحركة علي العريض,real
404,الخارجية الإيرانية: إزالتنا من لجنة المرأة بالأمم المتحدة تتعارض مع ميثاق المنظمة الدولية وتمت بضغط أمريكي,real
405,وزير العدل الأمريكي: تعيين مستشار خاص للتحقيق بمسألة وجود وثائق سرية في منزل الرئيس جو باين,real
406,رئيس جبهة الخلاص: ندعو لمظاهرة بشارع الحبيب بورقيبة يوم 14 يناير لإحياء ذكرى الثورة وضمان الحق في التعبير,real
407,الدفاع الروسية: تعيين قائد القوات الجوية وقائد القوات البرية نائبين لقائد القوات الروسية في أوكرانيا,real
408,الخارجية الروسية: تزويد كييف بأنظمة باتريوت يفاقم خطر المشاركة المباشرة للجيش الأمريكي في الصراع الأوكراني,real
409,البيت الأبيض: تركيا تعرضت لهجمات لكننا لا نريد رؤية تحركات داخل  سوريا تؤدي لتقويض جهود مكافحة تنظيم الدولة,real
410,مراسل  الجزيرة: دوي انفجارات في العاصمة الأوكرانية كييف,real
411,الاتحاد التونسي للشغل: ننفي المشاركة في صياغة البرنامج الاقتصادي للحكومة ولم نعلم بما أبرمته مع صندوق النقد,real
412,جبهة الخلاص الوطني في  تونس: رسالة الشعب التونسي اليوم كبيرة ومهمة وندعوه للانخراط في مسار إسقاط الانقلاب,real
413,البيان الختامي للقمة العربية الصينية: الالتزام الثابت بمبادئ الأمم المتحدة بما فيها احترام سيادة الدول,real
414,نائب رئيس مجلس الأمن الروسي: نقوم بتكثيف إنتاج أقوى وسائل التدمير بما فيها تلك القائمة على مبادئ جديدة,real
415,بوتين: سيتم حل كل المشاكل المتعلقة بتوفير  مستلزمات القوات المسلحة والوحدات المشاركة في العملية الخاصة,real
416,المرشد الإيراني: مثيرو الشغب سيدفعون ثمن أفعالهم وسيتم التعامل معهم دون شك,real
417,المندوب الأوكراني بمجلس الأمن: قلقون جدا من الأنشطة غير الشرعية خاصة تلك التي تمارسها جماعة فاغنر  في أراضينا,real
418,رئيس رابطة حقوق الإنسان في  تونس: السلطات منعت وصول حافلة وقطار ركاب إلى العاصمة,real
419,البيان الختامي للقمة الخليجية: أكد المجلس الأعلى دعمه لقرارات مجموعة أوبك+ لتحقيق التوازن في أسواق النفط,real
420,مراسلة  الجزيرة: إصابة شابين فلسطينيين برصاص قوات الاحتلال الإسرائيلي في بلدة كفر دان غربي جنين,real
421,وزارة الدفاع التايوانية: رصد 9 طائرات عسكرية و4 سفن حربية صينية في محيط تايوان,real
422,الخارجية الأمريكية: الإقبال المنخفض للناخبين في  تونس يعزز الحاجة إلى زيادة توسيع المشاركة السياسية,real
423,الخارجية السويدية: منظمو المظاهرة ضد الرئيس التركي في ستوكهولم أرادوا تخريب طلب السويد الانضمام إلى النيتو,real
424,الجيش الأوكراني: البحرية الروسية استقدمت تعزيزات من سيفاستوبول في شبه جزيرة القرم إلى البحر الأسود,real
425,الخارجية الروسية: الولايات المتحدة تخطط لإبقاء الأعمال القتالية في أوكرانيا حتى نهاية عام 2025 على الأقل,real
426,الإدارة العسكرية في كييف: أسقطنا 15 طائرة مسيرة إيرانية الصنع من أصل 20 استهدفت العاصمة الأوكرانية,real
427,مسؤول رفيع في البيت الأبيض: تبادل السجناء استثناء ومن الخطأ أن يتم الاستنتاج بأنه سيكون القاعدة,real
428,نائب وزير الخارجية الروسي: لا حوار مع واشنطن بشأن أوكرانيا ومواقفنا متباينة وللتصعيد الأمريكي للنزاع عواقب,real
429,وزير الدفاع التركي: اليونان تقوم بأعمال تحريضية ضدنا ولم نحصل منها على رد إيجابي بشأن التأسيس لحوار,real
430,سكرتير مجلس الأمن القومي الروسي: الغرب يريد محو روسيا من خارطة العالم والحرب في أوكرانيا مواجهة مع النيتو,real
431,رويترز: مجلس النواب الأمريكي يقرر حظر تطبيق تيك توك من جميع الأجهزة التي يستخدمها أعضاؤه وموظفوه,real
432,السلطات الأوكرانية في زابوروجيا: روسيا تعمل على تحويل محطة الطاقة النووية في المقاطعة إلى نظام الطاقة الروسي,real
433,الخارجية الإيرانية: إزالتنا من لجنة المرأة في الأمم المتحدة خطوة سياسية تفتقر للأرضية القانونية,real
434,البيت الأبيض: الرئيس الروسي لم يظهر أي اهتمام لإيجاد طريق لإنهاء الحرب على أوكرانيا,real
435,الرئاسة التركية: سنواصل جهودنا لتسهيل مفاوضات روسية أوكرانية تشمل وقف إطلاق النار وشحن الحبوب والأمن النووي,real
436,مستشار الرئيس الأوكراني: القوات الروسية تشن هجوما واسعا على مدن أوكرانيا وتستهدف منشآت الطاقة والمباني السكنية,real
437,لافروف: التعاون مع الغرب في مجال الأمن ممكن فقط على أسس جديدة,real
438,أنطوني فاوتشي رئيس المعهد الأمريكي للأمراض المعدية: علينا أن ننسى أن كورونا انتهت فما زال لدينا 400 وفاة يوميا,real
439,بيان مشترك أمريكي ياباني: تحالف البلدين سيبقى حجر زاوية لحفظ الأمن والسلام في المحيطين الهندي والهادي,real
440,الخارجية التركية: أكدنا للروس إصرارنا على مكافحة حزب العمال الكردستاني ووحدات حماية الشعب الكردية بسوريا,real
441,وزارة الدفاع الأذربيجانية: إسقاط طائرة استطلاع لجماعة مسلحة أرمينية بمنطقة تمركز قوات حفظ السلام الروسية,real
442,رئيس الوزراء الأرميني: قوات حفظ السلام الروسية في كاراباخ لا تنفذ مهامها في الرقابة والسيطرة على ممر لاتشين,real
443,تنسيقية الأحزاب الديمقراطية في  تونس: نرفض التضييق وندعو للنزول إلى شارع الثورة للتظاهر رغم ترهيب السلطة,real
444,رويترز عن رئيسة مولدوفا: شرطة الحدود تعثر على حطام صاروخ روسي بالقرب من قرية لارجا شمالي البلاد,real
445,بوتين: روسيا على عكس خصومها لا ترفض المفاوضات بشأن أوكرانيا وهي مستعدة للتفاوض مع جميع الأطراف,real
446,إدارة الطيران الفدرالية الأمريكية: عودة تدريجية لحركة الطيران الطبيعية في عموم الولايات المتحدة,real
447,رئيس الوزراء العراقي: لن ننسى الدعم الأمني الذي قدمته  إيران لنا في الفترة الماضية,real
448,رئيس جبهة الخلاص الوطني: حل أزمات  تونس سياسي بالأساس من خلال حكومة إنقاذ يتم تشكيلها عبر حوار وطني,real
449,رئيس جبهة الخلاص الوطني في  تونس: أجندة الرئيس قيس سعيد هي اغتصاب السلطة,real
450,الكرملين: لن يتحقق السلام ما لم تقبل أوكرانيا بالواقع الجديد على الأرض,real
451,مفوضة الطاقة الأوروبية: وجهات نظر الدول ومخاوفها متباينة للغاية بشأن تحديد سقف لسعر الغاز,real
452,أردوغان: من المؤسف عدم إيقاف مظاهرات أنصار حزب العمال الكردستاني المتكررة في السويد,real
453,الخارجية الصينية: نعارض بشدة القيود التمييزية التي تفرضها دول تجاه المسافرين الصينيين وسنتخذ إجراءات مضادة,real
454,مراسل  الجزيرة: دوي انفجارات في مقاطعة زابروجيا جنوبي أوكرانيا,real
455,الأمين العام للنيتو: شراكتنا مع الاتحاد الأوروبي أهم من أي وقت مضى لأن اجتياح روسيا لأوكرانيا غير التحديات,real
456,الخارجية الإيرانية: أجبنا مرارا وتكرارا على اتهامات كييف التي لا أساس لها بشأن قضية الطائرات المسيرة المزعومة,real
457,الاتحاد التونسي للشغل: القطع مع الأحزاب عبثي ولا يمكنه تأمين العملية الديمقراطية,real
458,الناطق باسم الرئاسة التركية: الوضع الحالي لا يسمح بتصديق  تركيا عبر البرلمان على عضوية السويد في النيتو,real
459,لافروف: واشنطن تسعى لتدمير العلاقات التقليدية بين روسيا وأوروبا وإخضاع القادة الأوروبيين لها,real
460,مصدر رسمي بمجموعة السبع: قريبون جدا من التوصل لاتفاق بشأن تحديد سقف 60 دولارا  لسعر النفط الروسي,real
461,الجيش الأوكراني: القوات الروسية تجدد قصف محطات المياه في منطقة أوتشاكوف بمقاطعة ميكولايف جنوبي البلاد,real
462,المتحدث باسم المجلس المركزي للحرية والتغيير: ما تردد عن توقيع اتفاق سياسي جديد أربك المشهد السياسي في  السودان,real
463,رئيس وزراء بريطانيا: إذا لم تنسحب روسيا من الأراضي الأوكرانية التي احتلتها لا يمكن أن تكون هناك مفاوضات حقيقية,real
464,الدفاع الروسية: الطائرات الروسية والصينية نفذت مهامها في إطار القانون الدولي ولم تخترق أجواء أي دول أخرى,real
