,Time,User,Tweet
0,2023-03-10 12:14:07,AJENews,"BREAKING: Iran and Saudi Arabia ‚Äòagree to restore relations‚Äô 

https://t.co/vYPDgqwdVx https://t.co/onG1jlXg2Z"
1,2023-03-09 19:46:55,AJENews,BREAKING: Israeli emergency services say three injured in Tel Aviv shooting https://t.co/P0kaFO00SO https://t.co/lQLGxSlp9M
2,2023-03-07 15:53:31,AJENews,BREAKING: Israeli forces kill at least 6 Palestinians in latest Jenin raid https://t.co/JFrgCgR00x https://t.co/LTYojB0P9q
3,2023-03-06 07:36:01,AJENews,"BREAKING: At least nine soldiers killed in Pakistan suicide attack 

https://t.co/W7kaoXennz https://t.co/8wblS7rBFA"
4,2023-03-03 03:41:06,AJENews,"BREAKING: Cambodia opposition leader Kem Sokha sentenced to 27 years under house arrest
https://t.co/0dBEiyFab8 https://t.co/lbND6tr6Yi"
5,2023-03-01 06:41:30,AJENews,"Tinubu wins Nigeria‚Äôs tight presidential elections 

Live updates: 

https://t.co/7TuHpDcXkb https://t.co/ulGMRJdcNT"
6,2023-03-01 05:28:17,AJENews,"Bola Tinubu wins controversial Nigerian presidential election

https://t.co/0kdj1QRRFw https://t.co/piGMFp2GN4"
7,2023-03-01 05:24:28,AJENews,"DEVELOPING: At least 32 killed, dozens injured in Greece train crash https://t.co/Fb7VAyNVfo https://t.co/bTOeaHqgkM"
8,2023-02-28 07:21:57,AJENews,Russia-Ukraine live news: Situation around Bakhmut ‚Äòextremely tense‚Äô https://t.co/96OwjDp2qm https://t.co/q0wsHMGC2k
9,2023-02-27 11:15:08,AJENews,"DEVELOPING: At least one killed as magnitude 5.6 earthquake hits Turkey 

https://t.co/OdFvbSMBdO https://t.co/WfhlLo4FKJ"
10,2023-02-25 07:45:41,AJENews,Polls have opened in Nigeria's presidential vote. Follow live updates here https://t.co/AoY3HdoByV https://t.co/AjoizLKprd
11,2023-02-25 05:32:59,AJENews,Nigeria election 2023 live: Nation poised for presidential vote https://t.co/AoY3HdoByV https://t.co/KIliYDnDdq
12,2023-02-22 10:29:03,AJENews,BREAKING: Israeli forces kill two Palestinians in Nablus raid https://t.co/68gN4L94ov https://t.co/dDDg5EEAvg
13,2023-02-21 05:57:02,AJENews,"Turkey-Syria earthquakes live: Three killed, hundreds injured https://t.co/eeohfzlPOU https://t.co/FKYHS4C9fQ"
14,2023-02-20 17:41:04,AJENews,New 6.4-magnitude earthquake hits southern Turkey https://t.co/3tg1yS3sej https://t.co/fP0PGgSbNA
15,2023-02-20 10:15:16,AJENews,BREAKING: US President Joe Biden makes unannounced visit to Kyiv: Reports https://t.co/uhol7uOk2e https://t.co/d35d2ioqvf
16,2023-02-18 09:06:22,AJENews,"BREAKING: North Korea fires ballistic missile, South Korean military says https://t.co/j3JyNnURsg https://t.co/Dw4Dohg7fG"
17,2023-02-18 05:30:38,AJENews,"Turkey-Syria earthquakes live news: Death toll passes 45,000 https://t.co/LcDKBGPpns https://t.co/f2wFRtInqI"
18,2023-02-17 15:29:21,AJENews,BREAKING: Armed men attack police station in Karachi https://t.co/LNroneX4nX https://t.co/9QOBS2eFE2
19,2023-02-15 11:16:50,AJENews,BREAKING: Scotland‚Äôs First Minister Nicola Sturgeon resigns https://t.co/IjdUQa8W9i https://t.co/Q8jipzJL3k
20,2023-02-15 09:18:04,AJENews,"A Turkish woman saved 222 hours after deadly earthquakes hit Turkey, Syria. 

Follow latest updates: https://t.co/F4VAMaF9PP https://t.co/P3GfBmhhrK"
21,2023-02-14 06:43:33,AJENews,DEVELOPING: At least three killed in Michigan university shooting https://t.co/VtqSi1dDRO https://t.co/podluU399v
22,2023-02-13 05:59:20,AJENews,"Turkey-Syria earthquake live news: Death toll crosses 33,000 https://t.co/KaZN96frNj https://t.co/ap3l8dVxXu"
23,2023-02-12 05:37:55,AJENews,"Survivors still being found as quake death toll tops 28,000 

https://t.co/8dDyaoBdc6 https://t.co/Gxh906CjyV"
24,2023-02-09 10:02:46,AJENews,BREAKING: First UN aid since quake crosses into northwest Syria from Turkey https://t.co/t9XCTf9rmm https://t.co/jMoXU6c3nh
25,2023-02-08 09:03:05,AJENews,BREAKING: Ukraine‚Äôs Zelenskyy to meet PM Sunak in first wartime trip to UK https://t.co/i9EIzcN6nk https://t.co/zloWssj9vR
26,2023-02-06 13:29:33,AJENews,"RT @AJEnglish: Two major earthquakes and aftershocks have caused devastation and killed at least 1,800 people across southeast Turkey and n‚Ä¶"
27,2023-02-06 08:00:36,AJENews,"RT @AJEnglish: ‚≠ï LIVE: Powerful earthquake shakes Turkey and Syria as hundreds reported dead.

Latest updates: https://t.co/vaDS1PWoej http‚Ä¶"
28,2023-02-06 03:18:42,AJENews,Deaths reported after a strong earthquake hits southern Turkey near Syria border https://t.co/HoPFTm5GgO https://t.co/LfvCQiillc
29,2023-02-05 06:33:33,AJENews,BREAKING: Pakistani former President Pervez Musharraf dies aged 79 https://t.co/L2bdXg7QKF https://t.co/AigAVl8yYt
30,2023-02-03 14:17:32,AJENews,BREAKING: China says balloon over US airspace is civilian airship https://t.co/14cZ28pIYO https://t.co/VYbzmxLBru
31,2023-01-30 11:57:08,AJENews,PM Shehbaz Sharif condemns the bombing and orders authorities to ensure the best possible medical treatment for victims https://t.co/DXbORrWHHR https://t.co/0eAXKOs62W
32,2023-01-30 10:15:35,AJENews,"At least 25 people killed and about 140 others injured in the blast, police tell Al Jazeera https://t.co/DXbORrWHHR https://t.co/X7VxMBrOtr"
33,2023-01-30 09:15:41,AJENews,BREAKING: Dozens injured in blast at busy mosque in Pakistan‚Äôs Peshawar https://t.co/DXbORrWHHR https://t.co/HwLCim6h6R
34,2023-01-27 19:05:05,AJENews,BREAKING: Gunman wounds at least 5 people in East Jerusalem attack https://t.co/rKYH1r16YC https://t.co/Bi8z9H4ZRR
35,2023-01-27 07:00:01,AJENews,BREAKING: One person killed in armed attack on Azerbaijan embassy in Iran https://t.co/tPlINhSYC2 https://t.co/vYb79DQzW9
36,2023-01-26 10:37:01,AJENews,"At least nine dead, Israeli forces pull out of Jenin after one of the deadliest raids in the occupied West Bank in years https://t.co/Dm3abIhNWE https://t.co/ThtT7jA9t3"
37,2023-01-26 09:02:41,AJENews,"UPDATE: Death toll rises to eight, including elderly woman, according to Palestinian officials https://t.co/Dm3abIhNWE https://t.co/oUIiSLzEed"
38,2023-01-26 07:51:28,AJENews,BREAKING: Israeli raid kills three Palestinians in Jenin fighting https://t.co/Dm3abIhNWE https://t.co/zkqE1viZLo
39,2023-01-25 17:13:39,AJENews,BREAKING: Biden: US to send 31 Abram tanks to Ukraine https://t.co/th4ZIizouG https://t.co/Mh4SCDVC0T
40,2023-01-22 11:01:30,AJENews,BREAKING: Nine killed in shooting near Los Angeles after Lunar New Year festival https://t.co/dLtrPhbyfd https://t.co/nINVSbGtpF
41,2023-01-19 09:17:48,AJENews,"BREAKING: Two dead, dozens injured in stampede at Iraqi football stadium https://t.co/Ndl5yMiCgs"
42,2023-01-18 11:35:39,AJENews,Ukraine helicopter crash: What we know so far https://t.co/gr7lk5hf3g https://t.co/v4JIbQZidZ
43,2023-01-18 09:16:02,AJENews,"UPDATE: At least 16 people, including two children, killed after the helicopter crashed near a nursery outside Kyiv, officials say 

https://t.co/JtscgnHYze https://t.co/aJGe10Hs1c"
44,2023-01-18 08:55:41,AJENews,BREAKING: Ukraine interior minister killed in helicopter crash: Police https://t.co/vilmw5KRqa https://t.co/LVmGNlxN6C
45,2023-01-18 01:50:44,AJENews,Philippines‚Äôs Maria Ressa and her news site Rappler acquitted of tax evasion https://t.co/ONJ5gInDEH
46,2023-01-15 09:31:08,AJENews,"PM Pushpa Kamal Dahal said the plane was flying from the capital, Kathmandu, to Pokhara in central Nepal.

‚Äî in pictures https://t.co/rWLlMfUGhu https://t.co/TTXCSsMRIN"
47,2023-01-15 09:20:46,AJENews,Timeline: Nepal air crashes since 2010 https://t.co/lOjqdzsBvq https://t.co/ncqaJv8crd
48,2023-01-15 07:12:11,AJENews,"UPDATE: At least 16 people killed when the aircraft crashed in Pokhara, according to an army spokesman

https://t.co/J4161vKaWA https://t.co/bCZ19Ivh8X"
49,2023-01-15 06:25:41,AJENews,BREAKING: Plane with 72 people on board crashes in Nepal https://t.co/J4161vKaWA https://t.co/bfOk1nvM0Q
50,2023-01-14 12:20:21,AJENews,UPDATE: Ukraine refutes Moscow‚Äôs claims it captured Soledar. https://t.co/M1u6C5ZtxL
51,2023-01-14 10:21:45,AJENews,"Residential building hit in Kyiv region: Officials.

Follow all the latest updates: https://t.co/M1u6C5ZtxL"
52,2023-01-14 09:14:30,AJENews,"BREAKING: Russian missiles hit critical infrastructure in Ukraine‚Äôs capital

https://t.co/kYE3M03HN5 https://t.co/foxwbGwdWr"
53,2023-01-14 06:24:48,AJENews,BREAKING: Iran hangs former defence ministry official for spying https://t.co/quHmJosxEi https://t.co/VVRdsdktJ3
54,2023-01-11 13:21:26,AJENews,BREAKING: Explosion outside Afghan foreign ministry in Kabul https://t.co/KGJM7Ipv0C https://t.co/ryon5t5BxC
55,2023-01-08 19:41:44,AJENews,DEVELOPING: Jair Bolsonaro supporters storm Brazil‚Äôs Congress https://t.co/KqcPBHG79F https://t.co/ewGggWqe1O
56,2023-01-07 06:05:56,AJENews,BREAKING: Republican Kevin McCarthy elected US House speaker https://t.co/uU0bAvoFKf https://t.co/U8ZYuVu7Hn
57,2023-01-06 10:12:43,AJENews,BREAKING: Italy‚Äôs football star Gianluca Vialli dies aged 58 https://t.co/I5HduT1b98 https://t.co/IIWHz24xvn
58,2023-01-03 05:45:17,AJENews,"BREAKING: In provocation, Israel far-right minister enters Al-Aqsa compound https://t.co/0lhJ6aCFia https://t.co/FXQHc2MhVv"
59,2023-01-02 00:45:22,AJENews,"BREAKING: Israeli air raid kills two Syrian soldiers, puts Damascus International Airport out of service, says Syria's military https://t.co/PvYwWYYF4y https://t.co/H3kCqDU1zn"
60,2022-12-31 09:46:56,AJENews,BREAKING: Pope Emeritus Benedict XVI dies at age 95 https://t.co/8by7dJTew8 https://t.co/pxerXDLhjO
61,2022-12-30 08:30:56,AJENews,"BREAKING: An attack in eastern Syria killed 10 oil field workers, state news agency SANA has reported https://t.co/8Mi7aK4qzh https://t.co/YojmjQfa9A"
62,2022-12-29 19:32:53,AJENews,BREAKING: Brazilian football legend Pele dies at age 82 https://t.co/9OdLgOaNCe https://t.co/0Jsb2pV2P1
63,2022-12-29 14:53:11,AJENews,BREAKING: Benjamin Netanyahu sworn in as prime minister of Israel‚Äôs most right-wing government in history https://t.co/yoPlinRGHE https://t.co/KOV7PbRLNK
64,2022-12-23 12:05:37,AJENews,BREAKING: At least two people dead after shooting in Paris https://t.co/4mE4SGyn23 https://t.co/QNlAX2ZDL1
65,2022-12-19 19:33:45,AJENews,BREAKING: US Capitol riot: Lawmakers recommend filing charges against Trump https://t.co/fJ6EV76n0F https://t.co/DHOnK1ifji
66,2022-12-19 07:39:53,AJENews,BREAKING: Three Jordanian police killed during raid on hideout in Maan https://t.co/qojlZuIkEI https://t.co/Nq3qr0chLT
67,2022-12-15 07:08:47,AJENews,BREAKING: Irish soldier killed after UN convoy attacked in Lebanon https://t.co/gaeqIRxr0D https://t.co/FGeY4hKK6k
68,2022-12-10 16:10:07,AJENews,Follow the Nobel Peace Prize award ceremony live https://t.co/QzIFDk1LO2
69,2022-12-09 10:53:56,AJENews,BREAKING: Brittney Griner lands in the US after Russia prisoner exchange https://t.co/noP9WvYeIs https://t.co/v55v7eIAu4
70,2022-12-08 13:27:28,AJENews,BREAKING: Russia frees US basketball star Brittney Griner in prisoner swap https://t.co/MthUu8IQtz https://t.co/GcimbgwDU7
71,2022-12-08 06:34:39,AJENews,BREAKING: Iran conducts first protest-related execution https://t.co/EonCVv5bdn https://t.co/02NGSw6AqP
72,2022-12-07 17:34:00,AJENews,"RT @AJEnglish: This year‚Äôs #FIFAWorldCup has been full of surprising wins and shocking moments.

Join #AJESpaces &amp; @AJE_Sport with @hallamo‚Ä¶"
73,2022-12-06 20:51:39,AJENews,"Jubilant Morocco reach World Cup quarter-finals

https://t.co/uvki5IXEB0"
74,2022-12-06 09:03:47,AJENews,BREAKING: Al Jazeera takes the killing of Shireen Abu Akleh to the ICC https://t.co/mxsWg5FILI https://t.co/LmiAmZKVfi
75,2022-12-04 10:35:30,AJENews,BREAKING: Iran prosecutor general signals ‚Äòmorality police‚Äô suspended https://t.co/i10dsJ4p5p https://t.co/UbkS3n8hm5
76,2022-11-30 11:54:59,AJENews,"BREAKING: At least 15 killed in Afghanistan school bombing, says official https://t.co/OSPjmKldXl https://t.co/4ZPhWJ8AQl"
77,2022-11-29 08:28:14,AJENews,World Cup 2022 live: Spotlight on USA vs Iran on crucial day https://t.co/FY4RTXHpwT
78,2022-11-28 09:06:01,AJENews,"It's day nine of the World Cup and more teams fight to avoid early exit.
Follow latest updates here: https://t.co/433hnhn3bW https://t.co/SpYIpDiGXO"
79,2022-11-27 18:42:47,AJENews,BREAKING: ‚ÄòExplosion targets‚Äô Mogadishu hotel used by Somali officials https://t.co/xqPJscbW86 https://t.co/THrapjW4RK
80,2022-11-27 08:27:26,AJENews,"World Cup 2022 live: Germany, Croatia aim for survival https://t.co/vRPEDMw7Bp"
81,2022-11-26 09:02:19,AJENews,"World Cup live: D-day for Argentina, history beckons for Saudis. Follow the latest updates: https://t.co/EDtD7MykN1 https://t.co/QlDg21dsn5"
82,2022-11-25 13:15:29,AJENews,"RT @AJEnglish: Cameroon in 1990, Senegal in 2002 and Ghana in 2010 - all reached the #FIFAWorldCup quarter-finals. 

Can they do it again o‚Ä¶"
83,2022-11-25 06:51:40,AJENews,World Cup 2022 live news: Qatar to play in round two of group stage https://t.co/b0Y8kmAzsK
84,2022-11-24 11:30:31,AJENews,"RT @AJEnglish: For better or worse? When VAR was introduced at the 2018 #FIFAWorldCup, it changed the tournament.

So what's in store at #Q‚Ä¶"
85,2022-11-22 12:14:40,AJENews,BREAKING: Saudi Arabia beats Argentina in shock upset https://t.co/hCmf4TK8eJ https://t.co/tLF2JI2ECi
86,2022-11-21 09:31:51,AJENews,BREAKING: Two killed in Turkey after rockets fired from Syria. More soon on https://t.co/hGzrK2N8WC https://t.co/JMwr20TX3n
87,2022-11-21 08:50:41,AJENews,BREAKING: Deadly earthquake rocks Indonesia https://t.co/jVvxwjRRnV https://t.co/ENIfIyXxhE
88,2022-11-21 08:21:24,AJENews,World Cup 2022 live news: Six teams face off in Qatar on day two https://t.co/tnjdS0oufg
89,2022-11-20 18:08:02,AJENews,Enner Valencia's double helps Ecuador see off Qatar in tournament's opener - All the latest updates https://t.co/18QkGK2OC1
90,2022-11-20 14:01:58,AJENews,UPDATE: Fans arrive for opening match at Al Bayt Stadium ahead of the FIFA World Cup opening ceremony in Al Khor https://t.co/2YINI2N5RR https://t.co/U2wpP1dhl8
91,2022-11-20 08:20:44,AJENews,World Cup 2022 live: Qatar prepares for historic kickoff https://t.co/s9xqysB6t5
92,2022-11-16 09:46:55,AJENews,Breaking: Oil tanker hit by armed drone off coast of Oman: Official https://t.co/zeFUViyjLy https://t.co/QfO9MiFbdW
93,2022-11-16 06:41:38,AJENews,BREAKING: G20 leaders declaration denounces ‚ÄòRussian aggression‚Äô in Ukraine https://t.co/iSE4s7etoJ https://t.co/hA6QictNMP
94,2022-11-16 02:36:45,AJENews,BREAKING: Trump says he will run for president again in 2024 https://t.co/l9CkFghwX5 https://t.co/3acNm9W7qy
95,2022-11-14 07:07:29,AJENews,"BREAKING: Iran rockets hit Kurdish party HQ in Iraq‚Äôs Erbil, kill one https://t.co/xeSyPrTHvv https://t.co/L8JATJJSdR"
96,2022-11-14 02:50:15,AJENews,BREAKING: Turkish police arrest 'person who left the bomb' that caused the deadly explosion on Istanbul's Istiklal avenue https://t.co/V4qdvdaxJd https://t.co/j5TmB3NHJ6
97,2022-11-13 18:41:26,AJENews,"UPDATE: At least six people have been killed and more than 80 were wounded in what appears to be a ""terrorist attack,"" according to Vice President Fuat Oktay 

https://t.co/PYuWPp149h"
98,2022-11-13 13:56:31,AJENews,"BREAKING: Several injured in explosion in central Istanbul: Turkish media
https://t.co/ulBR9EGprQ https://t.co/2YjuMxmKef"
99,2022-11-09 15:43:35,AJENews,Russia orders troop withdrawal from Ukraine‚Äôs Kherson city https://t.co/J44geXbOt2 https://t.co/tYx2WsviUV
100,2022-11-09 15:40:29,AJENews,BREAKING: Russia orders troops to pullback from Kherson city https://t.co/pgtPyv298l https://t.co/rZlD35NkKB
101,2022-11-09 11:35:14,AJENews,"BREAKING: Meta to cut more than 11,000 jobs https://t.co/ipZOJTdUMF https://t.co/kPYIBM7hJO"
102,2022-11-06 09:10:11,AJENews,BREAKING: Tanzania‚Äôs Precision Air plane crashes into Lake Victoria https://t.co/sYgWHVHTXI https://t.co/8mGEaHK4k9
103,2022-11-03 11:55:19,AJENews,BREAKING: Pakistan‚Äôs ex-PM Imran Khan injured by gunfire during march https://t.co/IXRUceQNgQ https://t.co/tjOqrUE8Po
104,2022-11-02 20:52:03,AJENews,BREAKING: Parkland school shooter Nikolas Cruz sentenced to life in prison https://t.co/keFkTpL8QF https://t.co/QceAmcIUXP
105,2022-11-02 16:34:51,AJENews,BREAKING: Ethiopia‚Äôs warring sides agree ‚Äòcessation of hostilities‚Äô: AU https://t.co/V1ZJG4y07O https://t.co/SkRqJ3r7FQ
106,2022-11-01 20:23:01,AJENews,"BREAKING: Bolsonaro breaks silence, says will follow Brazil‚Äôs constitution https://t.co/byg4qhhcmw https://t.co/88vvCN1OYT"
107,2022-11-01 20:20:56,AJENews,BREAKING: Netanyahu poised for comeback in Israeli election: Exit polls https://t.co/ybrPnuIJwp https://t.co/h6bJD1pPkV
108,2022-10-30 23:15:05,AJENews,BREAKING: Lula da Silva narrowly defeats Jair Bolsonaro in Brazil election https://t.co/omRlkR4aUS https://t.co/LN7O16EEOn
109,2022-10-30 15:39:17,AJENews,BREAKING: At least 30 people killed in bridge collapse in India: Reports https://t.co/GR67326PNB https://t.co/5Dj8kMXkPg
110,2022-10-29 17:42:19,AJENews,"BREAKING: At least 59 people were killed in a major stampede in South Korea‚Äôs capital Seoul
https://t.co/S7LtdQTxQT https://t.co/RDerbfwEX3"
111,2022-10-29 13:28:37,AJENews,DEVELOPING: ‚ÄòScores of casualties‚Äô after twin blasts in Somalia‚Äôs capital https://t.co/EhuUJUWgDQ https://t.co/JcFYEZzFRH
112,2022-10-26 15:58:54,AJENews,BREAKING: Attack on Shiraz shrine kills 15: Iranian state media https://t.co/TCdSNQZIoB https://t.co/3H70YzDvgX
113,2022-10-24 13:04:05,AJENews,BREAKING: Rishi Sunak wins race to become the UK‚Äôs new Prime Minister https://t.co/jq096U2GcQ https://t.co/Z77bw2PXNA
114,2022-10-23 10:54:21,AJENews,"BREAKING: Car explosion, gunfire hit hotel in Somalia https://t.co/ly1p6YahOA https://t.co/BOSzHddbCZ"
115,2022-10-23 04:48:26,AJENews,"BREAKING: China's Xi Jinping secures historic third term, stacks top governing body with loyalists https://t.co/gAgwgCaEoD https://t.co/bzh7yse8jU"
116,2022-10-21 09:30:32,AJENews,BREAKING: Pakistan election commission disqualifies former PM Imran Khan https://t.co/YxahH9KAOM https://t.co/dcF15r8efN
117,2022-10-20 12:40:41,AJENews,BREAKING: UK Prime Minister Liz Truss steps down after six weeks in office https://t.co/1R8MsuCGd1 https://t.co/b88oyIv8h6
118,2022-10-17 16:21:57,AJENews,BREAKING: Aircraft crashes into Russian residential building in Yeysk city https://t.co/HZ2n2GOyvk https://t.co/5bC2X1e2mB
119,2022-10-13 19:38:24,AJENews,BREAKING: Jan 6 hearing live news: Panel votes to subpoena Trump https://t.co/xi5OMMXOXZ https://t.co/PYzh6zKVW5
120,2022-10-13 17:41:40,AJENews,DEVELOPING: North Korean aircraft buzz South Korea border; fighters scrambled https://t.co/0VcJpuNAgI https://t.co/uojuYcw4c7
121,2022-10-13 15:21:45,AJENews,"BREAKING: Iraqi parliament elects new president, breaking political impasse https://t.co/x5309zSKBL https://t.co/m04AhvCD48"
122,2022-10-10 06:20:44,AJENews,BREAKING: Several loud explosions heard in Ukrainian capital https://t.co/eDTSK4aI3N https://t.co/vOfoYT5ggj
123,2022-10-07 09:08:52,AJENews,"BREAKING: Ukraine, Russia, Belarus rights activists win Nobel Peace Prize https://t.co/oLBwXAW0lE https://t.co/R6je4Pq2D9"
124,2022-10-03 09:45:24,AJENews,BREAKING: Swedish scientist Svante Paabo wins Nobel Prize for medicine https://t.co/GrbCa20v2Y https://t.co/ELHsDfYA2D
125,2022-09-30 20:25:09,AJENews,"Burkina Faso‚Äôs military leader Damiba deposed, army captain says https://t.co/lDQivOyNmf https://t.co/abYyaiMP0I"
126,2022-09-30 14:36:22,AJENews,BREAKING: Ukraine accelerates bid to join NATO after Russia‚Äôs annexation https://t.co/kYR5hn6cbA https://t.co/lWTg1j6ZFx
127,2022-09-30 09:21:23,AJENews,"DEVELOPING: Heavy gunfire, soldiers on the streets in Burkina Faso capital https://t.co/qCeTvp20j1 https://t.co/IRWVJPvPQQ"
128,2022-09-30 07:19:57,AJENews,"BREAKING: Russian attack kills 23 in civilian convoy in Ukraine,  governor says

https://t.co/OKc1W75V1m https://t.co/RrUJZgs30k"
129,2022-09-30 06:27:42,AJENews,BREAKING: Suicide attacker kills at least 19 in Afghanistan school blast https://t.co/qRMyRyezYe https://t.co/r4k31lnfrs
130,2022-09-25 21:13:43,AJENews,BREAKING: Italy‚Äôs right-wing alliance set for election victory: Exit polls https://t.co/bCsacWTKGJ https://t.co/itVGUgELjY
131,2022-09-23 14:38:46,AJENews,"RT @AJEnglish: Al Jazeera‚Äôs @AJIUnit has obtained the largest leak in British political history, exposing how unelected Labour Party offici‚Ä¶"
132,2022-09-23 11:28:12,AJENews,DEVELOPING: Casualties after blast near mosque in Afghanistan‚Äôs capital https://t.co/2QLwvWGpjp https://t.co/5GznkRvoXx
133,2022-09-21 16:01:50,AJENews,BREAKING: New York attorney general sues Donald Trump for fraud https://t.co/3SGlx7B34v https://t.co/wUA2fbAqOX
134,2022-09-18 08:55:15,AJENews,UPDATE: The Japan Meteorological Agency has lifted its Tsunami warning. https://t.co/VeFw3RveCt
135,2022-09-18 07:45:11,AJENews,BREAKING: Tsunami alert issued after major quake strikes off Taiwan https://t.co/VeFw3RveCt https://t.co/1Lym9p5z7m
136,2022-09-15 13:47:20,AJENews,BREAKING: Tennis great Roger Federer announces retirement https://t.co/i1X3s36FiE https://t.co/LLqv9xv0R6
137,2022-09-11 07:05:59,AJENews,DEVELOPING: Last reactor at Ukraine‚Äôs Zaporizhzhia nuclear plant shut down https://t.co/jyJp2xgXcG https://t.co/uAkGMI4S9y
138,2022-09-10 09:40:07,AJENews,BREAKING: Accession Council declares King Charles III sovereign https://t.co/2NsXl5Qitf https://t.co/JRJKhzj1fB
139,2022-09-08 17:49:20,AJENews,BREAKING: UK‚Äôs Queen Elizabeth II has died at the age of 96 https://t.co/9LlqaLQEve https://t.co/kqMNALzZoM
140,2022-09-08 11:55:24,AJENews,BREAKING: Doctors ‚Äòconcerned‚Äô for health of Britain‚Äôs Queen Elizabeth https://t.co/zLZ85E9PD4 https://t.co/Kn6serkOgT
141,2022-09-05 13:07:34,AJENews,BREAKING: Israel says ‚Äòhigh possibility‚Äô its army killed Shireen Abu Akleh https://t.co/culAl0DivY https://t.co/knuAMvB0E2
142,2022-09-05 11:42:48,AJENews,"BREAKING: Liz Truss becomes UK‚Äôs new prime minister, Conservative leader https://t.co/Ly4uRK6Bz0 https://t.co/Qwm65lUWg0"
143,2022-09-05 10:47:58,AJENews,BREAKING: Kenya‚Äôs Supreme Court upholds Ruto‚Äôs win in presidential election https://t.co/fKoHCXTndZ https://t.co/3T6Z8F4RoD
144,2022-09-02 10:09:57,AJENews,"BREAKING: Explosion at Afghanistan mosque kills prominent cleric, civilians https://t.co/zvIgewmG0E https://t.co/BiyWwvBLct"
145,2022-09-01 06:42:47,AJENews,"BREAKING: Russia, Ukraine trade blame for attacks near nuclear plant amid UN visit https://t.co/zr36T0d2Tm https://t.co/Wzjm33Yecw"
146,2022-08-30 10:22:47,AJENews,BREAKING: Muqtada al-Sadr tells followers to leave Iraq Green Zone after night of violence https://t.co/JfFng3Buyr https://t.co/JaYMb6pTAD
147,2022-08-29 20:57:59,AJENews,BREAKING: Deadly clashes and chaos in Iraq after Moqtada al-Sadr quits. Follow live updates here: https://t.co/K76pDIFt8s https://t.co/27OVoIcPhL
148,2022-08-29 10:30:09,AJENews,BREAKING: Muqtada al-Sadr announces 'full withdrawal' from Iraqi politics after months of tensions https://t.co/GA37ni1IjV https://t.co/rI5ni7Lyfy
149,2022-08-23 08:39:13,AJENews,BREAKING: Malaysia top court upholds ex-PM Najib‚Äôs conviction in 1MDB case https://t.co/EaKXjzldwr https://t.co/swQkKlEgtX
150,2022-08-15 15:23:01,AJENews,BREAKING: William Ruto wins Kenyan presidential election https://t.co/FOEUR1Cd79 https://t.co/KE9tyqg9QI
151,2022-08-15 14:48:15,AJENews,BREAKING: Commotion at tally centre in Nairobi https://t.co/dX87nVdpJD https://t.co/3nM7ALAiHw
152,2022-08-15 12:40:54,AJENews,BREAKING: Uneasy calm in Kenya as results awaited in tight election https://t.co/dX87nVdpJD https://t.co/gEEyHfUpcA
153,2022-08-14 11:20:22,AJENews,"BREAKING: Explosion hits market in Armenia‚Äôs capital Yerevan, according to reports https://t.co/23nnAr5ozX https://t.co/iBSHIcuJmi"
154,2022-08-14 10:48:55,AJENews,"BREAKING: Several killed in Egyptian church fire, according to health ministry https://t.co/QEJKqjzwhB https://t.co/7GhtymSHAt"
155,2022-08-14 02:30:42,AJENews,Eight Israelis wounded after gunman opens fire in Jerusalem's Old City https://t.co/XCslLY7DKN https://t.co/Q8cPLmyfN6
156,2022-08-12 15:53:28,AJENews,BREAKING: Author Salman Rushdie attacked on stage in New York https://t.co/WM0249Pu3a https://t.co/LbD8vyYi7i
157,2022-08-11 10:22:31,AJENews,"BREAKING: Armed man holds Beirut bank staff hostage, demands savings amid Lebanon economic crisis https://t.co/GAZCE2pBgq https://t.co/K5Ugr2lLm3"
158,2022-08-08 13:01:55,AJENews,"RT @AJEnglish: A truce has been implemented between Israel and the Palestinian Islamic Jihad. 

Israel‚Äôs three-day bombardment of Gaza has‚Ä¶"
159,2022-08-08 06:52:00,AJENews,"BREAKING: Chad military gov‚Äôt, opposition groups sign peace deal in Qatar https://t.co/Q6cPJgPw9i https://t.co/XHy5mQqXja"
160,2022-08-07 20:14:03,AJENews,"BREAKING: Israel, Islamic Jihad announce ceasefire in Gaza https://t.co/XGU9VnmUFD https://t.co/5RqcVO5CSo"
161,2022-08-07 13:50:13,AJENews,BREAKING: Ceasefire expected to be announced in Gaza on Sunday https://t.co/XGU9VnmUFD https://t.co/SVnOMbvLyt
162,2022-08-07 07:23:49,AJENews,Russia-Ukraine live news: IAEA raises alarm over nuclear plant https://t.co/JKOQLCjXtH https://t.co/tdUYoRmQ2l
163,2022-08-07 07:21:42,AJENews,Israel-Palestine live news: 29 killed in three-day Gaza assault https://t.co/UtfO4sey7X https://t.co/uMJiaBYhL1
164,2022-08-06 19:08:29,AJENews,"BREAKING: Israeli strike on northern city of Jabalia kills 5 Palestinians, 3 of them children https://t.co/qu4u3K3BLt https://t.co/rg6QCty4Qb"
165,2022-08-06 06:32:43,AJENews,BREAKING: Israeli jets launch new attacks on Gaza https://t.co/7ORFpLJ9zq https://t.co/pDOUOrLPo5
166,2022-08-05 13:44:29,AJENews,BREAKING: Israel hits Gaza with air strikes as tensions escalate https://t.co/x8mjVs1UFU https://t.co/BtWJCc2jg1
167,2022-08-04 15:33:35,AJENews,BREAKING: Russian court gives Brittney Griner nine years on drugs charges https://t.co/heOEMsYSbo https://t.co/Jf1s0Z8Kz3
168,2022-08-03 08:12:40,AJENews,"RT @AJEnglish: Next week marks Kenya's presidential elections. As the race heats up, our Africa Editor @EromoEgbejule is joined by writer &amp;‚Ä¶"
169,2022-08-02 14:51:29,AJENews,BREAKING: Nancy Pelosi lands in Taiwan amid heightened US-China tensions https://t.co/w714NEeqjU https://t.co/8JtxpnIlSg
170,2022-07-27 16:40:49,AJENews,BREAKING: Iraqi protesters storm the parliament in Baghdad‚Äôs Green Zone https://t.co/cZ7zslbugw https://t.co/AS7DAiLEbr
171,2022-07-25 17:46:20,AJENews,BREAKING: Pope apologises for ‚Äòevil‚Äô of Canada‚Äôs residential schools https://t.co/I9afDs9Lzw https://t.co/RKVKB5zEb4
172,2022-07-25 06:17:41,AJENews,"RT @AJEnglish: Is Tunisia on a path back to authoritarian rule?

üáπüá≥ July 25 marks one year since President Kais Saied dissolved parliament‚Ä¶"
173,2022-07-21 15:32:12,AJENews,BREAKING: Joe Biden tests positive for COVID-19: White House https://t.co/HSGqlnMgQf https://t.co/XbEQdKuDWt
174,2022-07-21 08:22:54,AJENews,BREAKING: Italy‚Äôs Prime Minister Mario Draghi resigns as crisis deepens https://t.co/do0tVowM6k https://t.co/CKpcu1tXoM
175,2022-07-20 07:17:08,AJENews,BREAKING: Parliament elects prime minister Ranil Wickremesinghe as new president of Sri Lanka. Live updates: https://t.co/wwhwysZsYU https://t.co/1NCHNN358u
176,2022-07-08 12:07:45,AJENews,BREAKING: Ex-Angolan president dos Santos dies at 79 https://t.co/9B4xAs1L7W https://t.co/jpEbNVXv4t
177,2022-07-08 09:01:45,AJENews,BREAKING: Japan‚Äôs ex-Prime Minister Abe dies after being shot: Report https://t.co/OkJIqQPfz9 https://t.co/sH4lTVwHAx
178,2022-07-08 03:10:41,AJENews,"Japan‚Äôs Shinzo Abe attacked, left bleeding: Reports https://t.co/UHwaAMYIyf https://t.co/UcwdDjkvR4"
179,2022-07-07 11:39:48,AJENews,RT @AJEnglish: ‚≠ï LIVE: Boris Johnson has agreed to step down as UK PM after a major rebellion in his government over a series of scandals.‚Ä¶
180,2022-07-07 11:36:20,AJENews,BREAKING: UK Prime Minister Boris Johnson says he will resign - Live updates https://t.co/Rnvux9vcyT
181,2022-07-07 08:35:22,AJENews,DEVELOPING: UK political crisis: Boris Johnson expected to quit as PM - Live Updates https://t.co/xdJ2DvOedn https://t.co/eXAvtrAhPV
182,2022-07-05 17:34:42,AJENews,BREAKING: UK: Boris Johnson gov‚Äôt plunged into crisis as two ministers quit https://t.co/qXBCS6NQxK https://t.co/GMJpi2iMR3
183,2022-07-05 16:53:19,AJENews,"RT @AJEnglish: It is the 60th anniversary of Algeria‚Äôs independence from France.

Here's what you need to know about Algerians' fight for f‚Ä¶"
184,2022-07-04 14:16:44,AJENews,Breaking: US says Israeli shot ‚Äòlikely responsible‚Äô for death of Abu Akleh https://t.co/8ZcXQiu8UU
185,2022-07-03 17:21:43,AJENews,BREAKING: Several people shot at Copenhagen shopping mall: Danish police https://t.co/Z3viU4xEme https://t.co/ag5MzWKKIx
186,2022-07-01 17:00:51,AJENews,"RT @AJEnglish: Thread üßµ

From laicite, the separation of church and state, to reckoning with its colonial legacy through racism and Islamop‚Ä¶"
187,2022-06-30 15:21:08,AJENews,"RT @AJEnglish: Thread üßµ

Hajj is the largest annual religious gathering of Muslims. 

It takes place in the Islamic month of Dhul-Hijja and‚Ä¶"
188,2022-06-30 08:14:53,AJENews,BREAKING: Israeli set for November election as parliament dissolves https://t.co/jL9xYWWcTD https://t.co/0G2oYhflNK
189,2022-06-29 19:04:32,AJENews,"BREAKING: Paris 2015 attacks - Lone surviving attacker gets life, no parole https://t.co/KHgQBF5AWz https://t.co/4gxTusRH4w"
190,2022-06-26 07:43:29,AJENews,BREAKING: More than dozen found dead in South Africa nightclub: Police https://t.co/jenuDxnX2q https://t.co/XmJ8s1SsFT
191,2022-06-24 19:59:01,AJENews,"UN, world leaders condemn US Supreme Court ruling on abortion. https://t.co/t0MhIgqe0g"
192,2022-06-24 18:05:37,AJENews,Roe v Wade: Supreme Court decision highlights US abortion divide https://t.co/Lt7Wz2OYDJ https://t.co/KXezzF5hUG
193,2022-06-24 15:03:40,AJENews,"UPDATE: The justices voted 6-3, powered by the court‚Äôs conservative supermajority. https://t.co/ignSMHSmzo"
194,2022-06-24 14:29:03,AJENews,BREAKING: Roe v Wade - US Supreme Court overturns landmark abortion ruling https://t.co/ignSMHSmzo https://t.co/I2FlWfsJMM
195,2022-06-24 09:53:38,AJENews,BREAKING: UN: Israelis fired shots that killed journalist Shireen Abu Akleh https://t.co/w1g1BENlX9 https://t.co/vwRVkhX1OR
196,2022-06-22 09:41:03,AJENews,"Nearly 1,000 killed after strong earthquake jolts Afghanistan https://t.co/A1tQfPVPCZ"
197,2022-06-22 05:22:09,AJENews,"Dozens killed as 6.1 magnitude quake shakes Afghanistan, Pakistan https://t.co/A1tQfPVPCZ https://t.co/TIpoMlLKTB"
198,2022-06-19 18:54:53,AJENews,BREAKING: Macron alliance set to lose parliamentary majority: Projections https://t.co/AIQj2uSd99 https://t.co/uFR4l6xcfL
199,2022-06-16 19:08:27,AJENews,BREAKING: Al Jazeera obtains image of bullet that killed its journalist https://t.co/0HhcytByxk https://t.co/quPy8pxOik
200,2022-06-13 13:03:22,AJENews,"RT @AJEnglish: Thread üßµ

On International Albinism Awareness Day, we raise awareness on the human rights violations people with albinism ex‚Ä¶"
201,2022-06-08 13:19:58,AJENews,"RT @AJEnglish: Today is #WorldOceanDay üåä

Did you know at least eight million tonnes of plastics end up in the oceans every year?

We take‚Ä¶"
202,2022-06-06 20:08:14,AJENews,BREAKING: British Prime Minister Boris Johnson survives confidence vote https://t.co/sFrM7KAptG https://t.co/pFIcTtOBOL
203,2022-06-06 13:09:38,AJENews,RT @AJEnglish: Arab nations are taking a stand against India‚Äôs ruling BJP party after two of their members made insulting remarks about the‚Ä¶
204,2022-06-06 05:39:50,AJENews,BREAKING: Kazakhstan votes to amend constitution: Referendum results  https://t.co/EdWAWO3HPI https://t.co/X2bCLPhRXn
205,2022-06-01 11:21:34,AJENews,"RT @AJEnglish: Al Jazeera journalist Ahmed Taha has condemned an Egyptian court for sentencing him to 15 years in prison in absentia.

Taha‚Ä¶"
206,2022-05-29 12:44:26,AJENews,RT @AJEnglish: Tensions are high after hundreds of far-right Jewish nationalists entered Jerusalem‚Äôs Al-Aqsa Mosque compound ahead of today‚Ä¶
207,2022-05-29 09:22:02,AJENews,"RT @AJEnglish: Israeli ultra-nationalist Jewish groups have entered the Al-Aqsa Mosque compound, waving flags and chanting ahead of Sunday‚Äô‚Ä¶"
208,2022-05-28 14:05:05,AJENews,BREAKING: Dozens killed in stampede at a church in Nigeria https://t.co/IJRUpOyyZu https://t.co/p8D5EopxTV
209,2022-05-26 19:58:01,AJENews,BREAKING: Al Jazeera Network to send Shireen Abu Akleh murder case to ICC https://t.co/POcVV8e4Yg https://t.co/2g4wLOO5QI
210,2022-05-26 15:42:19,AJENews,BREAKING: Palestinian probe says Israeli forces deliberately shot Abu Akleh https://t.co/lEytKjtAPU https://t.co/CIs91xE1Yp
211,2022-05-25 12:39:41,AJENews,"RT @AJEnglish: ‚ö° Stories you shouldn't miss today - May 25 üëá 

https://t.co/f9AicPwqHM"
212,2022-05-24 15:23:49,AJENews,"RT @AJEnglish: Thread üßµ
 
At least 17 countries have reported new confirmed cases of monkeypox.
 
We take a look at what the disease is and‚Ä¶"
213,2022-05-22 16:04:00,AJENews,BREAKING: Iran's Quds Force member assassinated in Tehran: State media. More soon on https://t.co/hGzrK2N8WC https://t.co/v6sh2N1SwY
214,2022-05-21 13:20:45,AJENews,BREAKING: Australia election: Opposition Labor party wins vote https://t.co/jg2xGrOoay https://t.co/GRKr57Hck4
215,2022-05-19 10:06:33,AJENews,RT @AJEnglish: Killed Al Jazeera journalist Shireen Abu Akleh was a pioneer for Arab women in media. Many have shared the impact she had on‚Ä¶
216,2022-05-18 11:24:03,AJENews,BREAKING: Shireen Abu Akleh pallbearer arrested days after Israelis attack funeral https://t.co/sOc5lsPjD8 https://t.co/Y12ueXrB0W
217,2022-05-18 06:59:44,AJENews,"BREAKING: Finland, Sweden have officially applied to join NATO, the world‚Äôs biggest military alliance https://t.co/K0ImeKywn2 https://t.co/XP6aP5tI1p"
218,2022-05-17 08:49:03,AJENews,BREAKING: Pro-Hezbollah bloc loses Lebanese parliamentary majority https://t.co/YMpFZVSzfb https://t.co/TkATCKGjGQ
219,2022-05-15 21:29:38,AJENews,"Somalia elects Hassan Sheikh Mohamud as new president 
https://t.co/pEmg8CxfNU https://t.co/yGXzKCkz34"
220,2022-05-15 13:21:07,AJENews,UPDATE: Shireen Abu Akleh remembered during Gaza rally https://t.co/B3wq5AskU7
221,2022-05-15 09:33:44,AJENews,BREAKING: Palestinians commemorate 74th Nakba Day: Live updates https://t.co/90nEVVZMCG https://t.co/qXGTsKZ9GG
222,2022-05-14 09:23:51,AJENews,Sheikh Mohamed bin Al Zayed elected UAE president https://t.co/Yu4pxreTyV https://t.co/yPcljWxST1
223,2022-05-13 11:50:35,AJENews,RT @AJEnglish: ‚≠ï LIVE: State funeral and burial held in occupied East Jerusalem for veteran Al Jazeera journalist Shireen Abu Akleh who was‚Ä¶
224,2022-05-13 10:56:19,AJENews,RT @AJEnglish: ‚≠ï LIVE: Israeli occupation forces are beating crowds carrying the casket of killed Al Jazeera journalist Shireen Abu Akleh‚Ä¶
225,2022-05-13 10:37:07,AJENews,BREAKING: President Sheikh Khalifa bin Zayed Al Nahyan dies: UAE media https://t.co/dLKriU06q2 https://t.co/EGi8qxXNiD
226,2022-05-12 09:03:45,AJENews,RT @AJEnglish: ‚≠ï LIVE: State memorial service held in Ramallah for Al Jazeera journalist Shireen Abu Akleh who was killed by Israeli occupa‚Ä¶
227,2022-05-11 13:36:47,AJENews,"RT @AJEnglish: ""I was able to convey the people's message and voice.""

Not long before her killing by Israeli occupation forces, Al Jazeera‚Ä¶"
228,2022-05-11 12:01:30,AJENews,"RT @AJEnglish: LIVE: Israeli forces have shot and killed veteran Al Jazeera reporter Shireen Abu Akleh in the occupied West Bank. 

üî¥ Follo‚Ä¶"
229,2022-05-11 12:00:57,AJENews,"RT @AJEnglish: ""She was fearless, but she was also human.‚Äù

Shireen Abu Akleh‚Äôs colleague and close friend @DaliaHatuqa remembers the impac‚Ä¶"
230,2022-05-11 11:44:55,AJENews,"RT @AJEnglish: ""The first bullet hit me and the second bullet hit Shireen. They killed her in cold blood.""

Al Jazeera journalist Ali al-Sa‚Ä¶"
231,2022-05-11 10:18:35,AJENews,"RT @AJEnglish: ""This is not a conflict between two equal sides. We are occupied by Israel.""

Mustafa Barghouti, leader of the Palestinian N‚Ä¶"
232,2022-05-11 10:18:22,AJENews,"RT @AJEnglish: Trigger warning: Sensitive material below

Shireen Abu Akleh‚Äôs colleagues at Al Jazeera‚Äôs bureau in the occupied West Bank e‚Ä¶"
233,2022-05-11 10:18:07,AJENews,"RT @AJEnglish: ‚ÄúKilling journalists‚Ä¶ is a war crime.‚Äù

After the killing of Al Jazeera journalist Sherine Abu Akleh by Israeli occupation f‚Ä¶"
234,2022-05-11 10:17:43,AJENews,RT @AJEnglish: ‚ö° Here's what veteran Al Jazeera journalist Shireen Abu Akleh meant to those who grew up watching her coverage of Palestine‚Ä¶
235,2022-05-11 04:45:14,AJENews,Al Jazeera journalist Shireen Abu Akleh shot dead by Israeli forces https://t.co/Ep2FzVulWE https://t.co/rHBRMLUcEe
236,2022-05-09 12:44:11,AJENews,"UPDATE: Ukraine says Russian forces are ‚Äòstorming‚Äô Azovstal plant 
https://t.co/5e8BvhtBGq https://t.co/9HP147kaXs"
237,2022-05-09 12:10:38,AJENews,"UPDATE: Putin ‚Äòmirroring fascism‚Äô of Nazi Germany, UK minister says 
https://t.co/5e8BvhtBGq https://t.co/bhyna50Lql"
238,2022-05-09 11:04:21,AJENews,BREAKING: Sri Lanka PM Mahinda Rajapaksa offers to resign as crisis worsens https://t.co/BDPgiJfYUH https://t.co/cmUKOwhIPh
239,2022-05-09 10:55:12,AJENews,UPDATE: Mariupol officials document new mass grave https://t.co/5e8BvhtBGq https://t.co/WTl05jTRIK
240,2022-05-09 09:28:51,AJENews,"UPDATE: Putin ‚Äòmirroring fascism‚Äô of Nazi Germany, UK minister says. https://t.co/5e8BvhtBGq"
241,2022-05-09 08:16:29,AJENews,UPDATE: Putin calls NATO‚Äôs expansion around its borders 'unacceptable threat' https://t.co/5e8BvhtBGq https://t.co/UONabdCG1f
242,2022-05-09 07:49:59,AJENews,UPDATE: Putin says Donbass volunteers fighting for ‚ÄòMotherland‚Äô. https://t.co/5e8BvhtBGq
243,2022-05-09 07:42:03,AJENews,"BREAKING: Russian President Putin says Moscow's military action in Ukraine was a pre-emptive move to ward off Western aggression

Follow all the latest updates:

https://t.co/6XMHnWo4fe https://t.co/3h5jImKvKW"
244,2022-05-08 11:59:38,AJENews,"RT @AJEnglish: The Vice President of the Philippines, Leonor ‚ÄòLeni‚Äô Robredo, is seen as the only election candidate with a realistic chance‚Ä¶"
245,2022-05-08 07:18:49,AJENews,BREAKING: More than 60 believed killed after school attack in east Ukraine https://t.co/jvMLIA935t https://t.co/k2SwQaROYD
246,2022-05-08 06:35:00,AJENews,"RT @AJEnglish: Fake news on social media has been a major part of the Philippines election campaign.

@francoIuna debunks the disinformatio‚Ä¶"
247,2022-05-08 05:00:50,AJENews,"John Lee, Hong Kong's former security chief, elected as city's next leader https://t.co/euUijlVf3Q https://t.co/HlHa0JLcbt"
248,2022-05-07 16:37:26,AJENews,"Ukraine: All women, children and elderly evacuated from Mariupol steel mill

Follow the latest updates: https://t.co/dsxY0lo6TQ https://t.co/LP42Kf46gx"
249,2022-05-06 17:06:46,AJENews,BREAKING: At least 4 dead after explosion rocks hotel in downtown Havana https://t.co/5GYtc5vzlw https://t.co/qVdhkC2IB7
250,2022-05-04 19:54:54,AJENews,"Russia says it will open evacuation routes for three days in Mariupol 

Follow the latest updates: https://t.co/POh5uGyMIw https://t.co/q8nYZXTRYY"
251,2022-05-04 16:28:12,AJENews,"Heavy fighting under way at Mariupol‚Äôs Azovstal steelworks

Follow the latest updates: https://t.co/BRwJ0hWxcR https://t.co/80znhL37e7"
252,2022-05-03 10:01:00,AJENews,Russia accuses Israel of supporting ‚Äúneo-Nazis‚Äù in Ukraine as a row over Moscow‚Äôs claim that Hitler had Jewish origins escalates. Follow latest updates: https://t.co/fIkhVUWxAN https://t.co/fIkhVUWxAN
253,2022-05-03 07:03:00,AJENews,The US says it has 'highly credible' intelligence that Russia will try to annex Ukraine's Luhansk and Donetsk 'some time in mid-May'. Follow latest updates: https://t.co/fIkhVUWxAN
254,2022-04-27 01:34:27,AJENews,BREAKING: Singapore executes intellectually disabled Malaysian man despite global pleas for clemency https://t.co/HSwihWQj5W https://t.co/HfqkyXEbOC
255,2022-04-26 12:20:32,AJENews,"RT @AJEnglish: News of billionaire Elon Musk‚Äôs Twitter takeover has caused mixed reactions from users and politicians around the world. 

M‚Ä¶"
256,2022-04-25 15:50:06,AJENews,BREAKING: Turkish court sentences activist Osman Kavala to life in prison https://t.co/5E2KU7FmK2 https://t.co/NguPHwWyb5
257,2022-04-25 11:06:00,AJENews,"RT @AJEnglish: France's President Emmanuel Macron has won a second term in office, defeating his far-right rival Marine Le Pen and making h‚Ä¶"
258,2022-04-24 20:23:03,AJENews,"BREAKING: Emmanuel Macron wins French presidential election:

‚ÄúI‚Äôm not the candidate of one camp anymore, but the president of all of us.‚Äù 

üîó: https://t.co/0WPQs8lq2J https://t.co/0uOstMFimF"
259,2022-04-24 07:29:02,AJENews,"RT @AJEnglish: At least eight people, including a three-month-old baby, have been killed and 18 others injured in a series of Russian missi‚Ä¶"
260,2022-04-23 09:24:47,AJENews,"Russian forces are ""constantly"" shelling Ukraine-controlled cities in the eastern region of Luhansk, local authorities say. 

Follow latest updates: https://t.co/S8yQuNzN0f https://t.co/x5E1MR2FSj"
261,2022-04-22 14:26:09,AJENews,BREAKING: Explosion at Afghan mosque kills or wounds dozens of people https://t.co/PRwVixJqQW https://t.co/IgEBMIjSZI
262,2022-04-22 11:31:48,AJENews,"RT @AJEnglish: THREAD üßµ

Today marks the 52nd anniversary of #EarthDay üåç

In honour of Mother Earth, we share the story of how UK activists‚Ä¶"
263,2022-04-19 07:18:34,AJENews,"BREAKING: Kabul boys‚Äô school rocked by blasts, casualties feared https://t.co/RcAYpBGoXZ https://t.co/nT46j1dtfo"
264,2022-04-14 08:42:13,AJENews,"Latest Russia-Ukraine updates: Ukraine investigating almost 6,500 alleged war crimes https://t.co/qDCbgANmrt https://t.co/iKuz3E57aU"
265,2022-04-13 18:43:33,AJENews,BREAKING: Suspect in New York subway shooting is in police custody https://t.co/holLdLcK4Q https://t.co/WHo0EoNyS8
266,2022-04-13 14:23:17,AJENews,"RT @AJEnglish: Have you ever wondered how difficult it is to navigate the world's megacities with a disability?

Join our Twitter Space NOW‚Ä¶"
267,2022-04-12 14:39:12,AJENews,"RT @AJEnglish: How would you get around a city if you couldn‚Äôt walk, see or hear? By 2050, nearly 1 billion people living in cities will ha‚Ä¶"
268,2022-04-12 14:05:06,AJENews,"Multiple people shot, unexploded devices found in New York City subway https://t.co/CXyZnNZXIf https://t.co/HraDoUZOy0"
269,2022-04-12 10:35:49,AJENews,"RT @AJEnglish: Thread üßµ
 
The Muslim holy month of #Ramadan has entered its second week.
The pre-sunrise to sunset fast lasts anywhere from‚Ä¶"
270,2022-04-11 14:49:15,AJENews,RT @AJEnglish: üó£Ô∏è Our Twitter account @AJEnglish is nominated for @TheWebbyAwards in the social (News &amp; Politics) category! We need your he‚Ä¶
271,2022-04-11 12:03:01,AJENews,BREAKING: Pakistan's parliament elects Shehbaz Sharif as new prime minister after weeks of political turmoil. https://t.co/13afZmzTkV https://t.co/ugdu1oQsgT
272,2022-04-11 09:58:10,AJENews,"RT @AJEnglish: Thousands marched across Pakistan in support of former PM Imran Khan, a day after he lost a no-confidence vote in parliament‚Ä¶"
273,2022-04-10 12:19:18,AJENews,RT @AJEnglish: Pakistan's PM Imran Khan has been ousted from power after losing a no-confidence vote. The parliament is set to vote for a n‚Ä¶
274,2022-04-10 07:25:44,AJENews,"RT @AJEnglish: THREAD üó≥Ô∏è

On April 10, about 48 million French voters will choose their leader among 12 candidates. Never before in the his‚Ä¶"
275,2022-04-09 20:05:30,AJENews,BREAKING: Pakistan PM Imran Khan loses no-confidence vote https://t.co/xgPho3BwL4 https://t.co/ijClh10naC
276,2022-04-09 19:00:09,AJENews,BREAKING: Pakistan parliament begins voting on no-confidence motion against Prime Minister Imran Khan after speaker resigns https://t.co/IHl0kmNmIQ https://t.co/ZowbbL5tTQ
277,2022-04-09 11:04:55,AJENews,"European Commission President Ursula von der Leyen says Russian forces appear to have committed war crimes by targeting civilians in Ukraine, adding that lawyers must investigate the alleged incidents.

Follow latest updates: https://t.co/hw9IOFlsE5 https://t.co/WoJrlp6r2T"
278,2022-04-09 07:34:53,AJENews,"Ukraine says 10 humanitarian corridors to evacuate people from besieged regions have been agreed for Saturday.

Follow latest updates: https://t.co/hw9IOFlsE5 https://t.co/ZsdA39CwOf"
279,2022-04-09 05:55:58,AJENews,"Ukrainian President Zelenskyy calls Russia's shelling on Kramatorsk railway station in the east of the county a ""war crime"" as death toll rises to 52, local authorities say.

Follow latest updates: https://t.co/pUJR25iBAX https://t.co/xo9gTtCiAn"
280,2022-04-08 18:38:24,AJENews,"RT @AJEnglish: üì¢ Our Twitter account @AJEnglish is nominated for @TheWebbyAwards in the social (News &amp; Politics) category!

Help us win by‚Ä¶"
281,2022-04-08 11:50:56,AJENews,RT @AJEnglish: ‚ö°Ô∏èRussia-Ukraine war updates: 8 April üëá https://t.co/cPyH2FpSeO
282,2022-04-07 19:19:43,AJENews,BREAKING: Shooting in popular Tel Aviv area wounds six Israelis https://t.co/jcr7jA2ATD https://t.co/TIasP2h9XO
283,2022-04-07 18:24:24,AJENews,BREAKING: US Senate expected to vote to confirm Ketanji Brown Jackson https://t.co/k3blZvK0e5 https://t.co/m5pzl2SkNS
284,2022-04-07 15:41:36,AJENews,BREAKING: Pakistan court rules blocking vote to oust Khan unconstitutional https://t.co/Mtwo2i9Iga https://t.co/HNwRVIBZLv
285,2022-04-07 11:34:50,AJENews,"UPDATE: Russia says it has destroyed fuel storage facilities in four cities as it refocuses its offensive on eastern Ukraine.

Follow latest updates: https://t.co/vtNWPACfVp https://t.co/Jhj7HunGb9"
286,2022-04-07 09:46:27,AJENews,"UPDATE: Foreign Minister Dmytro Kuleba says the sooner Kyiv receives additional arms from NATO, ‚Äòthe more lives will be saved‚Äô.

Follow latest updates: https://t.co/vtNWPACfVp https://t.co/tlz1tGWA3c"
287,2022-04-07 08:08:47,AJENews,"US official says Kyiv withdrawal complete, Russian troops regrouping to focus on the east.

Follow latest updates: https://t.co/KR9QHN0mCt https://t.co/l8F1BtQoYC"
288,2022-04-06 12:25:59,AJENews,"RT @AJEnglish: üì¢ Our Twitter account @AJEnglish is nominated for @TheWebbyAwards in the social (News &amp; Politics) category!

Help us win by‚Ä¶"
289,2022-04-06 12:20:30,AJENews,DEVELOPING: Life sentence for Burkinabe ex-leader Compaor√© for Sankara murder https://t.co/V4z5z9sJLk https://t.co/cMX3NTzL4a
290,2022-04-06 10:15:24,AJENews,"RT @AJEnglish: EXCLUSIVE üëá

A year after the BJP gov't led by PM Narendra Modi came to power in 2014, the top finance ministry official acc‚Ä¶"
291,2022-04-05 18:09:48,AJENews,"RT @AJEnglish: Ukrainian President Volodymyr Zelenskyy addresses the UN Security Council, accusing Russia of ‚Äúwar crimes‚Äù in Bucha and tell‚Ä¶"
292,2022-04-04 21:02:17,AJENews,"Former Russia President Dmitry Medvedev has vowed a harsh reaction to expulsion of Russian diplomats by Western governments.

Follow latest updates: https://t.co/A5FRCgroKg"
293,2022-04-04 19:45:38,AJENews,"The United States will announce new sanctions against Russia for its invasion of Ukraine this week, US national security adviser Jake Sullivan has said

Follow latest updates: https://t.co/A5FRCgroKg https://t.co/9iSlpcnqYd"
294,2022-04-04 18:18:59,AJENews,"France has decided to expel many Russian diplomatic staff, echoing a similar action taken by Germany, the French Ministry of Foreign Affairs has said

Follow latest updates: https://t.co/A5FRCgroKg https://t.co/WgW5brUzqR"
295,2022-04-04 17:47:10,AJENews,"Russian lawmakers submitted a draft bill to the lower house of parliament that envisages a prison term of up to 10 years and fines for adhering to Western sanctions in Russia, Interfax state news agency has reported.

Follow latest updates: https://t.co/A5FRCgroKg"
296,2022-04-04 12:05:12,AJENews,"After several failed attempts, staff from the International Committee of the Red Cross have again been unable to enter Mariupol, a spokesperson for the aid agency says.

Follow latest updates: https://t.co/A5FRCgroKg https://t.co/HUiibmmWO4"
297,2022-04-04 10:14:36,AJENews,"The Kremlin has categorically denied any accusations related to the murder of civilians in the Ukrainian town of Bucha. 

Follow latest updates: https://t.co/A5FRCgroKg https://t.co/9hxBCQ25wa"
298,2022-04-04 07:32:56,AJENews,"Ukrainian prosecutors say at least 161 children have been killed, and 425 have been wounded, in Ukraine since the start of Russia's invasion.

Follow latest updates: https://t.co/A5FRCgroKg https://t.co/SJSDdGGfFn"
299,2022-04-04 05:46:09,AJENews,"UN Chief Antonio Guterres says he was ‚Äòdeeply shocked‚Äô by images of dead civilians in the Ukrainian town of Bucha and calls for an independent investigation.

Follow our live coverage of the Russian invasion of Ukraine: https://t.co/71oOqEKeuE https://t.co/Rc0yC2jeZP"
300,2022-04-03 14:08:29,AJENews,"RT @AJEnglish: Pakistan's Imran Khan has survived a move to oust him as PM, after the deputy speaker of Parliament blocked a no-confidence‚Ä¶"
301,2022-04-03 07:40:54,AJENews,BREAKING: Pakistan Parliament dismisses no-confidence motion against Imran Khan https://t.co/CVVE0ZlDzs https://t.co/0Up6UwNfjD
302,2022-03-31 19:43:59,AJENews,Curfew in Sri Lanka as protesters try to storm president‚Äôs house https://t.co/R3aUdtC19P https://t.co/ORiRQipiC5
303,2022-03-30 18:07:44,AJENews,"UN human rights' Chief Michelle Bachelet says Russia‚Äôs widespread and indiscriminate attacks in Ukraine could amount to ‚Äúwar crimes‚Äú.

Follow latest updates: https://t.co/yX6FHlzCjW"
304,2022-03-30 16:55:49,AJENews,"Ukraine‚Äôs State Emergency Service says that the death toll from a Russian attack on the regional administration building in the southern city of Mykolaiv has risen to 15 people. 

Follow the latest update: https://t.co/4aRwxJzXYz https://t.co/Lel7FQJ34R"
305,2022-03-30 12:55:04,AJENews,RT @AJEnglish: ‚ö°Ô∏èRussia-Ukraine war updates: 30 March üëá https://t.co/gLQfZa7Dcp
306,2022-03-27 17:11:46,AJENews,"Ukraine said that a second round of conflict talks between negotiators from Kyiv and Moscow will kick off in Turkey on Monday. 

Follow latest developments: https://t.co/nTOCyTF2iR"
307,2022-03-27 15:11:17,AJENews,"French President Macron has called for restraint in ""words and actions"" after US President Biden described Russian President Putin as a ‚Äúbutcher‚Äù and said he should not remain in power. 

Follow out live coverage of the war in Ukraine: https://t.co/nTOCyTF2iR https://t.co/ljH4c7OYyz"
308,2022-03-26 20:24:05,AJENews,"UPDATE: Oil depot, military factory hit in Lviv strikes

https://t.co/CiAcJfutiP https://t.co/6WzhmgsRpK"
309,2022-03-26 19:38:30,AJENews,"UPDATE: Biden was not calling for regime change in Russia when he said that his Russian counterpart ‚Äúcannot remain in power‚Äù

https://t.co/CiAcJfutiP https://t.co/gySTG0nXle"
310,2022-03-26 18:19:56,AJENews,"UPDATE: Children among severely wounded trapped in Ukraine‚Äôs Chernihiv

https://t.co/zHGgXOcRBn https://t.co/HvlWelaw9j"
311,2022-03-26 17:04:10,AJENews,"UPDATE: Two missile strikes hit Lviv, five wounded

https://t.co/CiAcJfutiP https://t.co/EWKUFDpaFK"
312,2022-03-26 15:58:59,AJENews,"UPDATE: Three explosions heard near Lviv: city council

https://t.co/CiAcJfutiP https://t.co/gPopf18ClL"
313,2022-03-26 15:30:31,AJENews,"Ukraine says fierce clashes continue in Mariupol

Follow all the latest updates: https://t.co/zHGgXOcRBn https://t.co/KtYBXgtiEb"
314,2022-03-25 17:52:28,AJENews,"LIVE UPDATES: Ukraine, Russia pessimistic over talks aimed at ending conflict https://t.co/qe9d6a2p7X https://t.co/ZvN9WQ6jbX"
315,2022-03-25 12:25:10,AJENews,RT @AJEnglish: ‚ö°Ô∏èRussia-Ukraine war updates: 25 March üëá https://t.co/ujcTBT6WeR
316,2022-03-23 21:00:07,AJENews,"UPDATE: Ukraine says 4,554 people were evacuated from cities on Wednesday
https://t.co/0uPwHcRssv https://t.co/IFHSi7enOF"
317,2022-03-23 20:57:52,AJENews,"UPDATE: Biden‚Äôs new arms package for Ukraine to start shipping soon
https://t.co/0uPwHcRssv https://t.co/h4SewVDSRl"
318,2022-03-23 20:03:22,AJENews,"UPDATE: US to announce Russia-related sanctions on Thursday.

https://t.co/Gth8p9fGZ1"
319,2022-03-23 20:01:50,AJENews,"BREAKING: Madeleine Albright, first woman US secretary of state, dies at 84
https://t.co/eIP9HUw1oY https://t.co/6pHHvLIuIJ"
320,2022-03-23 16:48:31,AJENews,"NATO estimates 7,000-15,000 Russian troops killed in Ukraine: Report

Follow all the latest updates: 
https://t.co/Gth8p9fGZ1"
321,2022-03-23 12:06:09,AJENews,RT @AJEnglish: ‚ö°Ô∏è Russia-Ukraine war updates: March 23 üëá https://t.co/qMLyj3Umqq
322,2022-03-22 17:49:04,AJENews,"Fighting between Russian and Ukrainian forces is ongoing in the city of Mariupol, a regional governor in Ukraine says.

Follow latest updates: https://t.co/TyOwAUklkz https://t.co/IxwUOLsOtz"
323,2022-03-22 16:11:13,AJENews,"The United Nations‚Äô refugee agency says 3.5 million people have fled Ukraine since Russia launched its invasion.

Follow latest updates: https://t.co/TyOwAUklkz https://t.co/QukxewsbIq"
324,2022-03-22 14:50:54,AJENews,"Russian forces pushed out of key Kyiv suburb, Ukraine says, as Zelenskyy reiterates call for direct talks with Putin. 

Follow our live coverage of the war in Ukraine: https://t.co/r1o4EC3fU1 https://t.co/XlSlK9SNA8"
325,2022-03-22 12:53:56,AJENews,RT @AJEnglish: ‚ö°Ô∏è Russia-Ukraine war updates: March 22 üëá https://t.co/xJyQHXzZ9D
326,2022-03-22 11:35:44,AJENews,"RT @AJEnglish: THREAD üëá

It's #WorldWaterDay üíß ‚Äì a day designated by the UN to raise awareness of the two billion people living without acc‚Ä¶"
327,2022-03-21 17:46:45,AJENews,"A Russian court has labelled Meta Platforms Inc an ‚Äúextremist organisation‚Äù, banning the activities of the US company on its territory.

Follow latest updates: https://t.co/n2SvGBdqQa https://t.co/5a3a47uZY3"
328,2022-03-21 16:02:45,AJENews,"Russia is conducting ‚Äústate terrorism‚Äù in Ukraine and will go on to attack other countries, Ukraine‚Äôs defence minister says.

Follow latest updates on Russia's invasion of Ukraine: https://t.co/n2SvGBdqQa https://t.co/MdoUUvqhvs"
329,2022-03-21 09:55:24,AJENews,"RT @AJEnglish: The Boeing 737 plane crashed in the countryside near Wuzhou city in the Guangxi region causing a ""mountain fire‚Äù, with an un‚Ä¶"
330,2022-03-21 08:35:11,AJENews,BREAKING: Plane carrying 133 crashes in China: State TV https://t.co/Z2cblWgwNm https://t.co/tk6HC69nW3
331,2022-03-20 20:30:41,AJENews,"UPDATE: Russia says it is advancing towards Mariupol
https://t.co/XDPY52YjU9 https://t.co/bpt8GH5kt0"
332,2022-03-20 20:01:40,AJENews,"UPDATE: Israel‚Äôs parliament speaker expresses support to Zelenskyy
https://t.co/XDPY52YjU9 https://t.co/psjYABQTpv"
333,2022-03-20 18:29:14,AJENews,"Russia losing high-ranking military officers, Ukraine says.
https://t.co/XDPY52YjU9"
334,2022-03-20 16:46:41,AJENews,"UPDATE: Protests break out in Kherson as residents confront Russian troops

https://t.co/XDPY52YjU9 https://t.co/k584aykfmt"
335,2022-03-20 15:39:47,AJENews,"UPDATE: Strike on Kyiv apartment block wounds five 
https://t.co/XDPY52YjU9 https://t.co/rxzSOeADXb"
336,2022-03-20 14:33:17,AJENews,"UPDATE: At least 902 civilians killed in Ukraine since conflict began: UN
https://t.co/XDPY52YjU9 https://t.co/nBhMlXqUES"
337,2022-03-20 14:01:48,AJENews,UPDATE: Ukraine front lines not shifting as Russia loses momentum - Official https://t.co/XDPY52YjU9 https://t.co/DNtNAM9YrJ
338,2022-03-20 13:31:30,AJENews,"Ukraine says seven humanitarian corridors will open on Sunday.

Follow the latest updates: https://t.co/GyPrtEMhNv"
339,2022-03-19 19:54:24,AJENews,"Ukraine's presidency says a total of 6,623 people were evacuated on Saturday from cities across the country through humanitarian corridors.

Follow the latest updates: https://t.co/XZnoXceY2w https://t.co/nBNjfXENuF"
340,2022-03-19 14:44:04,AJENews,"The West must not try to ‚Äúnormalise relations‚Äù with Putin after his invasion of Ukraine, British PM Boris Johnson said, calling the crisis a ‚Äúturning point for the world‚Äù.

Follow latest updates: https://t.co/XZnoXceY2w https://t.co/lp8k9hJuLD"
341,2022-03-19 14:39:36,AJENews,"Prime Minister Mateus Morawiecki says Poland has proposed to the European Union that the bloc impose a total ban on trade with Russia. 

Follow latest updates: https://t.co/XZnoXceY2w https://t.co/Itw9oLYwkd"
342,2022-03-19 13:57:23,AJENews,"Ukraine‚Äôs President Zelenskyy has warned that continuing the invasion would exact a toll on Russia for ‚Äúgenerations.‚Äù 

Follow our live coverage of the war in Ukraine: https://t.co/ythfiQqRY0 https://t.co/HyCTxXQlS9"
343,2022-03-18 20:22:19,AJENews,"UPDATE: Biden warns Xi of consequences if it offers support to Russia. 
https://t.co/uPMdB1VWHJ"
344,2022-03-18 19:52:40,AJENews,"UPDATE: Russia claims progress in talks with Kyiv on a neutral Ukraine
https://t.co/uPMdB1VWHJ https://t.co/kIcCLnwbgo"
345,2022-03-18 18:26:59,AJENews,"UPDATE: Putin accuses Ukraine of ‚Äòwar crimes‚Äô in Macron call  
https://t.co/uPMdB1VWHJ https://t.co/GLwceguuMU"
346,2022-03-18 16:22:59,AJENews,"UPDATE: US targets Abramovich plane, 99 others over Russia export violations https://t.co/uPMdB1VWHJ https://t.co/dGkoF0NcXv"
347,2022-03-18 15:44:44,AJENews,UPDATE: Ukraine says Russian forces not made fresh advances https://t.co/uPMdB1VWHJ https://t.co/i0G3L6tAOo
348,2022-03-18 14:38:00,AJENews,"Xi says conflicts like Ukraine crisis in no one‚Äôs interests.

Follow all the latest updates: 
https://t.co/puMJiR0uO3"
349,2022-03-18 12:12:07,AJENews,"RT @AJEnglish: ""They say time heals, but when it's war, I don't think it works like that.""

Teenager Diana has been documenting her journey‚Ä¶"
350,2022-03-18 07:22:21,AJENews,"RT @AJEnglish: Have you voted today? üëá

Our Twitter account is up for two @ShortyAwards. Help us win the audience vote!

Vote for us here:‚Ä¶"
351,2022-03-17 13:02:45,AJENews,RT @AJEnglish: ‚ö°Ô∏è Russia-Ukraine war updates: March 17 üëá https://t.co/NzCxpS9Sj4
352,2022-03-16 13:53:21,AJENews,RT @AJEnglish: ‚ö°Ô∏è Russia-Ukraine war updates: March 16 üëá https://t.co/37naMV96b1
353,2022-03-16 11:28:51,AJENews,BREAKING: Nazanin Zaghari-Ratcliffe and Anoosheh Ashoori are leaving Iran after lengthy prison terms https://t.co/wWxrLzWT0g https://t.co/lhj3Mg9ZSF
354,2022-03-15 13:38:19,AJENews,RT @AJEnglish: ‚ö° Russia-Ukraine war updates: March 15 üëá https://t.co/bypllLb5ES
355,2022-03-15 10:24:34,AJENews,"RT @AJEnglish: An Indian court has upheld a ban on wearing headscarves in class in the southern state of Karnataka, stating the hijab is no‚Ä¶"
356,2022-03-11 20:51:04,AJENews,UPDATE: Biden set to sign bill containing $13.6bn in Ukraine aid https://t.co/0rfFahWd7R https://t.co/p69PNfZyV4
357,2022-03-11 19:57:52,AJENews,UPDATE: YouTube blocks Russian state-funded media channels. globally https://t.co/0rfFahWd7R
358,2022-03-11 16:43:10,AJENews,UPDATE: Biden says US and allies will end normal trade relations with Russia https://t.co/0rfFahWd7R https://t.co/QLcIXGTDXj
359,2022-03-11 15:56:15,AJENews,UPDATE: Mayor estimates two million remain in Kyiv https://t.co/0rfFahWd7R https://t.co/uzHpAwbXz5
360,2022-03-11 13:46:56,AJENews,"UN says 564 civilians killed in Ukraine.

Follow all the latest updates: https://t.co/S0PpsRT6tV"
361,2022-03-11 10:53:11,AJENews,"RT @AJEnglish: Have you voted today? 

Our Twitter account is up for two @ShortyAwards üéâ Help us win the audience vote.

Vote for us here:‚Ä¶"
362,2022-03-10 19:57:06,AJENews,"Over 400,000 people evacuated from conflict areas: Ukrainian minister

All the latest updates: https://t.co/AfzP8252r8 https://t.co/vok0nZYYGD"
363,2022-03-10 16:53:26,AJENews,"Russia: We have enough oil and gas buyers even with sanctions
 
All the latest updates: https://t.co/AfzP8252r8 https://t.co/oHjVgq24f3"
364,2022-03-10 15:27:48,AJENews,"Putin slams sanctions as ‚Äòillegitimate‚Äô 

All the latest updates: https://t.co/AfzP82mDiG"
365,2022-03-10 14:22:37,AJENews,"Zelenskyy‚Äôs top economic adviser says war damage tops $100bn 

All the latest updates: https://t.co/sezGTtNxb7 https://t.co/21qqGwKi6p"
366,2022-03-10 10:41:49,AJENews,"Ukrainian foreign minister Dmytro Kuleba says no agreement on ‚Äô24-hour ceasefire‚Äô.

All the latest updates: https://t.co/AfzP8252r8 https://t.co/q8GGL1tvoH"
367,2022-03-10 10:14:40,AJENews,"‚ÄòNo progress‚Äô as top Russia, Ukraine diplomats talk in Turkey https://t.co/KqRxKtpK83 https://t.co/6cN8BrlQZO"
368,2022-03-10 09:18:57,AJENews,"Ukraine is opening seven humanitarian corridors through which civilians can evacuate cities besieged by Russian forces, Deputy Prime Minister Iryna Vereshchuk has said.

Follow all the latest updates: https://t.co/AfzP8252r8 https://t.co/YSUIIK5MOC"
369,2022-03-10 07:50:40,AJENews,"The foreign ministers of Russia and Ukraine are set for face-to-face talks in Turkey.

Follow our live coverage of the war in Ukraine: https://t.co/sezGTtvWjz https://t.co/q88dq5B06q"
370,2022-03-09 19:30:34,AJENews,"RT @AJEnglish: üöÄWe've got some exciting news! 

Our Twitter account is up for two @ShortyAwards - and you can help us win the audience vote‚Ä¶"
371,2022-03-09 16:42:25,AJENews,"Ukraine‚Äôs president has accused Russian forces of carrying out a ‚Äúdirect strike‚Äù on a hospital complex in Mariupol that reportedly houses maternity and childrens wards.

Follow latest updates: https://t.co/2b8TkbCb3T https://t.co/TdVb6lrcRg"
372,2022-03-09 15:25:55,AJENews,"Russia has acknowledged that some conscripts have participated in the war after multiple denials by President Putin, who said only professional soldiers had been deployed.

Follow latest updates: https://t.co/2b8TkbCb3T"
373,2022-03-09 14:33:42,AJENews,"City authorities in the besieged port city of Mariupol are burying their dead in a mass grave, the Associated Press reported. 

Follow our live coverage of the war in Ukraine: https://t.co/ZbHhDFg0lS https://t.co/G5cs68LBSF"
374,2022-03-09 12:24:11,AJENews,RT @AJEnglish: ‚ö°Russia-Ukraine war updates: 9 March üëá https://t.co/nk3BGHtXoJ
375,2022-03-08 16:40:24,AJENews,"BREAKING: Russia-Ukraine war - Biden bans US imports of Russian oil and gas
https://t.co/rxvEXjW6oZ https://t.co/rRzFlVVcSa"
376,2022-03-08 14:22:53,AJENews,"RT @AJEnglish: THREAD üëá

It's #InternationalWomensDay. Here are the stories of some of the most inspiring women. 

Abeer Faris, a mental he‚Ä¶"
377,2022-03-07 12:24:24,AJENews,RT @AJEnglish: ‚ö°Russia-Ukraine war updates: 7 March üëá https://t.co/xbQiQRugUM
378,2022-03-06 20:44:32,AJENews,"TikTok has announced it is suspending the posting of all video content from Russia in order to keep its employees safe and comply with the country‚Äôs new regulations.

Follow the latest updates:  https://t.co/sKdwWAktTk"
379,2022-03-06 14:19:50,AJENews,"BREAKING: A second attempt to evacuate civilians from Mariupol has been halted as pro-Russian separatists and Ukrainian officials trade accusations. 

Follow the latest updates: https://t.co/sKdwWAktTk https://t.co/9jXIhEziQN"
380,2022-03-05 11:53:34,AJENews,"RT @AJEnglish: Residents pick through rubble as air raid sirens wail in the background in the Ukrainian city of Chernihiv, along the border‚Ä¶"
381,2022-03-04 09:28:27,AJENews,At least 30 killed as mosque bombed in northwest Pakistan https://t.co/xUA6iqqmHU https://t.co/CeUY7Jxdjr
382,2022-03-03 20:42:38,AJENews,"UPDATE: US senators propose ban on Russian oil imports
https://t.co/cHKCeQE3NA https://t.co/z61JgJA4RW"
383,2022-03-03 20:17:11,AJENews,UPDATE: Plane carrying Russian nationals held in Canada - Minister. https://t.co/cHKCeQE3NA
384,2022-03-03 20:09:55,AJENews,"Canada raising tariffs on Russia, Belarus over ‚Äòbarbaric war‚Äô. 
https://t.co/SqtOMeTxVj"
385,2022-03-03 19:48:42,AJENews,UPDATE: US-Russia militaries create communication line https://t.co/cHKCeQE3NA https://t.co/JxkFtY0Oh2
386,2022-03-03 19:42:36,AJENews,"UPDATE: Kyiv, Moscow agree corridors to evacuate civilians.
https://t.co/cHKCeQE3NA"
387,2022-03-03 19:41:31,AJENews,"Putin says Russian operation in Ukraine is going to plan 

Follow latest updates: https://t.co/fASUmX0QWB https://t.co/546Fwy8sH6"
388,2022-03-03 12:32:43,AJENews,RT @AJEnglish: ‚ö°Russia-Ukraine war updates: 3 March üëá https://t.co/KqbAFCgWL0
389,2022-03-02 20:18:25,AJENews,"In a rare emergency session, the UN General Assembly has approved a non-binding resolution condemning Russia for the invasion of Ukraine and demanding an immediate withdrawal.

Follow latest updates: https://t.co/S0P0KD6ESW https://t.co/S6KsLl4hdP"
390,2022-03-02 19:12:35,AJENews,"Russia expects Ukrainian officials to arrive in Belarus for the next round of talks on Thursday when a ceasefire is set to be discussed, Russian news agencies report 

Follow latest updates: https://t.co/S0P0KD6ESW"
391,2022-03-02 14:33:58,AJENews,"The EU says it will ban Russian state-controlled media outlets RT and Sputnik for promoting ""systematic disinformation"" over Russia‚Äôs invasion of Ukraine.

Follow our live-blog: https://t.co/S0P0KD6ESW"
392,2022-03-02 13:48:25,AJENews,"Russia claims to have captured the southern Ukrainian city of Kherson. Local authorities deny the city has fallen, but say Russian troops have encircled the city. 
Follow the latest updates: https://t.co/iFJ57koViQ https://t.co/E6tr8mQ7Lk"
393,2022-03-01 20:34:10,AJENews,Refugees stream into Hungary amid Russian war on Ukraine. https://t.co/qgH1G6LpOO
394,2022-03-01 20:24:32,AJENews,"UPDATE: Zelenskyy speaks with Biden about sanctions, defence aid https://t.co/7Ca0JbIX9k https://t.co/vGBfulVwy9"
395,2022-03-01 18:59:31,AJENews,"UPDATE: UN head condemns Russia‚Äôs use of heavy weapons.
https://t.co/7Ca0JbIX9k"
396,2022-03-01 18:13:56,AJENews,"UPDATE: Missile attack hits Babyn Yar Holocaust memorial: Zelenskyy
https://t.co/7Ca0JbIX9k https://t.co/uOdJBKrb81"
397,2022-03-01 17:54:21,AJENews,"UPDATE: Turkey calls for ceasefire, supports NATO enlargement
https://t.co/7Ca0JbIX9k https://t.co/oDsIjT9tq8"
398,2022-03-01 16:51:07,AJENews,"UPDATE: Russian attack hits Kyiv television tower, Ukrainian official says
https://t.co/7Ca0JbIX9k https://t.co/Kvthu44dbn"
399,2022-03-01 16:24:14,AJENews,UPDATE: UK PM rules out deploying troops to battle Russian forces in Ukraine https://t.co/7Ca0JbIX9k https://t.co/yzeiApUQxX
400,2022-03-01 15:12:51,AJENews,"UPDATE: UN seeks $1.7 bn in humanitarian aid for Ukraine.
https://t.co/7Ca0JbIX9k"
401,2022-03-01 14:33:12,AJENews,"UPDATE: Russia says it will hit security service sites in Kyiv: Reports
https://t.co/7Ca0JbIX9k https://t.co/ciT7BOcUqX"
402,2022-03-01 13:45:12,AJENews,"Make Moscow end its assault, Kyiv asks Beijing.

Follow all the latest updates: 
https://t.co/n6ZuhkS4Ph"
403,2022-03-01 12:18:02,AJENews,"RT @AJEnglish: ‚ö°Russia-Ukraine war updates: 1 March üëá
https://t.co/LereyN6r4O"
404,2022-02-28 12:13:53,AJENews,"The number of people seeking refuge in other states has risen to 500,000 since Russia invaded Ukraine. Follow the latest updates: https://t.co/W6Q5KfOJ1k https://t.co/s7dZAz8tOV"
405,2022-02-28 10:44:41,AJENews,"Talks between Ukraine and Russia have started at the Belarussian border, a Ukrainian presidential advisor has said. Follow the latest updates: https://t.co/W6Q5KfOJ1k"
406,2022-02-28 09:49:21,AJENews,"NATO member states are ‚Äústepping up‚Äù their support by providing Ukraine with air-defence missiles and anti-tank weapons, Secretary-General Jens Stoltenberg says. 
Latest updates: https://t.co/W6Q5KfOJ1k https://t.co/Hx2r3dhum6"
407,2022-02-28 08:56:55,AJENews,"UPDATE: Ukrainian officials have arrived for talks with Russia at the Ukraine-Belarus border. 

Latest updates: https://t.co/W6Q5KfOJ1k"
408,2022-02-28 08:51:54,AJENews,Russia‚Äôs invasion of Ukraine: List of key events from Day 5 https://t.co/oW7s3n75J2 https://t.co/Xf1r8SIcoA
409,2022-02-28 05:43:23,AJENews,"President Zelenskyy says the next 24 hours are ‚Äúcrucial"" as Russia's invasion of Ukraine enters fifth day. Get all latest updates: https://t.co/W6Q5KfOJ1k https://t.co/uN1iCkbBNc"
410,2022-02-27 14:08:21,AJENews,"BREAKING: Ukraine agrees to hold talks with Russia at Belarus border, Zelenskyy says https://t.co/lso7RTZsP9 https://t.co/cR3hhcynnP"
411,2022-02-27 07:45:31,AJENews,UPDATE: Russian troops enter Ukraine‚Äôs Kharkiv: Ukrainian official https://t.co/lso7RTZsP9 https://t.co/hyDvZ1dj7e
412,2022-02-26 11:46:07,AJENews,"UPDATE: About 100,000 people have entered into Poland from Ukraine since Russia launched its invasion. 
Follow the latest updates: https://t.co/peDoOIRfSc https://t.co/kwjk0jWJ6G"
413,2022-02-26 10:25:14,AJENews,"UPDATE: Ukraine says 198 civilians killed in Russian invasion. 

Follow the latest updates: https://t.co/peDoOIRfSc https://t.co/fyuBmA5f53"
414,2022-02-26 09:32:22,AJENews,"UPDATE: President Zelenskyy calls for his country to be admitted to the European Union as Russian troops edge closer to the Ukrainian capital. 

Follow the latest updates: https://t.co/peDoOIRfSc"
415,2022-02-26 08:34:11,AJENews,"UPDATE: Kyiv's mayor says a missile hit an apartment building, but no casualties were immediately reported. Follow the latest updates: https://t.co/GlizIEZ7y7 https://t.co/DPZTJSrcUm"
416,2022-02-26 08:05:31,AJENews,UPDATE: ‚ÄòWe won‚Äôt put down weapons‚Äô: Zelenskyy vows to fight on in Kyiv. Follow the latest update: https://t.co/GlizIEZ7y7
417,2022-02-26 05:57:43,AJENews,Missiles rain down across Ukraine as Russian troops push ahead in Kyiv - Get all latest updates as Russia's invasion enters third day: https://t.co/GlizIEZ7y7 https://t.co/wjbEW246vr
418,2022-02-25 20:24:40,AJENews,"UPDATE: Russia - Kyiv proposed to return to the issue of talks on February 26
https://t.co/fTDJBPMhUg https://t.co/jh0MhCQPzK"
419,2022-02-25 19:38:18,AJENews,"UPDATE: Germany to send company of troops to Slovakia to join new NATO battlegroup.
https://t.co/fTDJBPMhUg"
420,2022-02-25 18:20:37,AJENews,"UPDATE: Moscow‚Äôs goal is to ‚Äòchange‚Äô Ukraine‚Äôs government, NATO chief says
https://t.co/fTDJBPMhUg https://t.co/jo8MgTrJqQ"
421,2022-02-25 16:36:43,AJENews,"UPDATE: Ukrainians build makeshift roadblocks to stall Russian advance
https://t.co/fTDJBPMhUg https://t.co/sM1tzKsbN6"
422,2022-02-25 15:58:09,AJENews,"UPDATE: Russia suspended from Council of Europe.
https://t.co/fTDJBPMhUg"
423,2022-02-25 14:59:27,AJENews,"UPDATE: Germany says EU will ‚Äòseverely‚Äô sanction Putin, Lavrov
https://t.co/Vo12TMccZT https://t.co/Xk8mNt0tMy"
424,2022-02-25 14:17:15,AJENews,"UPDATE: Ukrainian military vehicles enter Kyiv as Russian assault looms 
https://t.co/fTDJBPMhUg https://t.co/m79pHgBVMI"
425,2022-02-25 13:47:06,AJENews,"UPDATE: Russia ready for talks with Ukraine, Kremlin spokesman says.
https://t.co/Vo12TMccZT"
426,2022-02-25 13:04:13,AJENews,UPDATE: EU threatens Russia with further sanctions. Follow the latest developments: https://t.co/Vo12TMccZT https://t.co/tZEkMpoG21
427,2022-02-25 12:14:23,AJENews,UPDATE: Syria‚Äôs Assad offers Putin his backing. Follow the latest updates: https://t.co/Vo12TMccZT https://t.co/hIp3AUOzth
428,2022-02-25 11:21:30,AJENews,"UPDATE: Moscow says Ukraine must lay down arms before talks can take place. 

Follow the latest updates: https://t.co/Vo12TMccZT https://t.co/CVc4uQwOC8"
429,2022-02-25 10:42:30,AJENews,"UPDATE: UEFA shifts Champions League final from St Petersburg to Paris. 

Follow the latest on our live-blog  https://t.co/Vo12TMccZT"
430,2022-02-25 10:15:06,AJENews,"UPDATE: Ukraine says Russia building up more troops in Belarus to assault Kyiv. 
Follow the latest updates: https://t.co/Vo12TMccZT https://t.co/Y3LGB8p4KJ"
431,2022-02-25 09:01:18,AJENews,UPDATE: Ukraine slams ‚Äòhorrific‚Äô strikes on Kyiv amid Russian advance https://t.co/Vo12TMccZT
432,2022-02-25 08:38:16,AJENews,UPDATE: Kyiv says Russian forces have struck dozens of civilian sites. Follow our live-blog: https://t.co/Vo12TMccZT https://t.co/7obJMrqqtp
433,2022-02-25 08:32:00,AJENews,Zelenskyy says that he will remain in the country despite Russia marked him as No. 1 target https://t.co/S8RiG9qH7r https://t.co/Lop9krWgFZ
434,2022-02-25 08:23:01,AJENews,UPDATE: ‚ÄòNo to war!‚Äô: Thousands in Russia rally in rare show of dissent https://t.co/ud68MsdiUE https://t.co/KfgYlZXTQe
435,2022-02-25 08:17:44,AJENews,"Ukrainian president appeals for ‚Äòanti-war coalition‚Äô as the country wakes up to the second day of Russia's invasion. 

Follow the latest updates: https://t.co/Vo12TMccZT https://t.co/VbfU7j6F6s"
436,2022-02-24 18:47:40,AJENews,"Chernobyl power plant captured by Russian forces, Ukrainian official says.

Live updates:

https://t.co/e7I7tSa1o4 https://t.co/Am7xIZ9rO1"
437,2022-02-24 18:01:17,AJENews,"Russia says first day of Ukraine invasion ‚Äòsuccessful‚Äô

Live updates: 

https://t.co/e7I7tSa1o4 https://t.co/HJ5d6GU7N8"
438,2022-02-24 15:46:07,AJENews,"Battle for Chernobyl rages

Live updates:

https://t.co/e7I7tSa1o4 https://t.co/OctZBaDZV2"
439,2022-02-24 15:39:05,AJENews,"Kyiv mayor imposes curfew on the capital

Live updates: 

https://t.co/e7I7tSa1o4 https://t.co/gnUmMMKUzi"
440,2022-02-24 13:12:51,AJENews,"Russian forces trying to penetrate Kyiv region, border officials say

Live updates:

https://t.co/4qBjp16xz8 https://t.co/03It6jPNfp"
441,2022-02-24 11:45:21,AJENews,"‚ÄòLeft no other option‚Äô: Excerpts of Putin‚Äôs speech declaring war

Live updates:

https://t.co/4qBjp16xz8 https://t.co/Io8RDdyAR1"
442,2022-02-24 11:24:29,AJENews,RT @AJEnglish: Watch the moment a missile hit Ivano-Frankivsk airport in western Ukraine after Russian forces launched an attack on the cou‚Ä¶
443,2022-02-24 09:39:35,AJENews,"Timeline: Putin attacks Ukraine ‚Äì how it happened

https://t.co/XaBlxPuftE https://t.co/nVv6WM0Gh5"
444,2022-02-24 09:28:35,AJENews,RT @AJEnglish: Video images show Russian military vehicles moving across Ukraine‚Äôs frontiers with Belarus and annexed Crimea after Russia l‚Ä¶
445,2022-02-24 09:23:50,AJENews,"Dozens of Russian forces killed, Ukraine says

Live updates:

https://t.co/e7I7tSazdC https://t.co/E7JcFPYn2R"
446,2022-02-24 09:07:55,AJENews,"Ukraine asks Turkey to shut Black Sea waterways to Russian warships

Live updates:

https://t.co/e7I7tSazdC https://t.co/Lky3gjYEeB"
447,2022-02-24 09:04:49,AJENews,"RT @AJEnglish: Watch the moment Russia's President Putin announced a military operation in Ukraine‚Äôs Donbas region, warning other nations o‚Ä¶"
448,2022-02-24 09:04:43,AJENews,"Belarusian forces not taking part in invasion, Lukashenko claims

Live updates:

https://t.co/e7I7tSazdC"
449,2022-02-24 08:40:39,AJENews,"Russia‚Äôs invasion of Ukraine: What we know so far

https://t.co/UOyDyExMvC https://t.co/kXERmntRhF"
450,2022-02-24 08:11:01,AJENews,"Russia-Ukraine: What‚Äôs happening in Mariupol?
https://t.co/rJjS6HghUw https://t.co/yp3sHSdyuL"
451,2022-02-24 07:59:19,AJENews,"EU to impose ‚Äòharshest sanctions ever‚Äô on Russia.

Live updates:
https://t.co/4qBjp175oG"
452,2022-02-24 07:58:08,AJENews,Biden vows ‚Äòsupport‚Äô in call with Ukraine President Zelenskyy https://t.co/0Hh6Rbtw10 https://t.co/Q2Bj8P5FrS
453,2022-02-24 07:52:31,AJENews,"Photos: Russia launches ‚Äòfull-scale invasion‚Äô in Ukraine

https://t.co/fD4ENl8IrD https://t.co/8tkbRONSZE"
454,2022-02-24 07:46:30,AJENews,"Russia suspends shipping in the Azov sea: Report 

Live updates:

https://t.co/4qBjp175oG https://t.co/MIfkVwfhRL"
455,2022-02-24 07:22:25,AJENews,RT @AJEnglish: ‚≠ïLIVE: Russia's President Putin has launched a full-scale invasion of Ukraine as Ukrainian President Zelenskyy declares mart‚Ä¶
456,2022-02-24 07:18:27,AJENews,"Queues at cash machines, petrol stations in Mariupol.

Live updates:

https://t.co/4qBjp175oG"
457,2022-02-24 07:02:00,AJENews,"Air raid sirens blaring throughout Kyiv

Live updates:

https://t.co/4qBjp175oG https://t.co/thTsLY4JSa"
458,2022-02-24 06:24:49,AJENews,"Zelenskyy declares martial law, says Ukraine will ‚Äòwin https://t.co/4qBjp175oG https://t.co/JIvumTWxUa"
459,2022-02-24 06:04:20,AJENews,World reaction to Putin's 'special military operation' in Ukraine https://t.co/woHt6dZ9kG https://t.co/LU6NzXHwD2
460,2022-02-24 05:45:49,AJENews,"Ukraine leader says Russia attacking ‚Äòour military infrastructure‚Äô.

Live updates: 

https://t.co/4qBjp16xz8"
461,2022-02-24 05:01:14,AJENews,"BREAKING: Putin announces military operation, loud explosions heard - Live https://t.co/4qBjp16xz8 https://t.co/KmC79jXexU"
462,2022-02-24 05:00:33,AJENews,BREAKING: Putin orders military operations in eastern Ukraine as UN meets https://t.co/SOChbRve6x https://t.co/XKLxZYg52w
463,2022-02-23 13:15:27,AJENews,"RT @AJEnglish: ‚≠ï LIVE: President Zelenskyy gives a speech on the Ukraine-Russia crisis.

Follow our blog for the latest updates: https://t.‚Ä¶"
464,2022-02-23 11:05:43,AJENews,BREAKING: Ukraine to declare state of emergency as threat of war looms https://t.co/oXeUHzdQp8 https://t.co/GSctjJl7ri
465,2022-02-23 10:22:11,AJENews,BREAKING: Ukraine‚Äôs parliament votes to give permission for civilians to carry firearms https://t.co/oXeUHzdQp8 https://t.co/Oi2B9W6Hyu
466,2022-02-23 10:07:32,AJENews,Russia-Ukraine live updates: Kyiv urges citizens to leave Russia as war fears rise https://t.co/oXeUHzdQp8 https://t.co/7urhxlgDY2
467,2022-02-23 09:59:44,AJENews,Ukrainian lawmakers approve sweeping sanctions on hundreds of Russians - Live https://t.co/oXeUHzdQp8 https://t.co/ApQOVe2H44
468,2022-02-23 07:09:01,AJENews,"BREAKING: Ukraine says one soldier killed, 6 wounded in separatist shelling https://t.co/oXeUHzdQp8 https://t.co/iG0ANE9Dgm"
469,2022-02-23 07:04:30,AJENews,Japan joins sanctions push against Russia - Live https://t.co/oXeUHzdQp8 https://t.co/kcmnjERTi1
470,2022-02-23 05:57:20,AJENews,‚ÄòNot peacekeepers at all‚Äô: UN chief condemns Russia move https://t.co/oXeUHzdQp8 https://t.co/TQQ1167If8
471,2022-02-22 07:54:41,AJENews,"RT @AJEnglish: Footage shows military vehicles on the outskirts of the rebel-held city of Donetsk in Ukraine, hours after Russia's Presiden‚Ä¶"
472,2022-02-21 07:18:28,AJENews,BREAKING: Fighter jet crashes in Iran‚Äôs Tabriz https://t.co/McVf6Ogpyb https://t.co/RSgLaEX5IY
473,2022-02-19 13:59:33,AJENews,BREAKING: At least 13 killed by suicide bomber in central Somalia https://t.co/qkH7bpZfrq https://t.co/ORnmEh7tyX
474,2022-02-11 21:03:50,AJENews,"RT @AJEnglish: Brandon Jackson has been granted parole and will be freed from prison after 25 years.

Join our Twitter Space as we discuss‚Ä¶"
475,2022-02-10 20:02:04,AJENews,"RT @AJEnglish: Brandon Jackson has been in prison in Louisiana for 25 years on a non-unanimous jury conviction, but on Friday he could be f‚Ä¶"
476,2022-02-09 15:44:30,AJENews,BREAKING: UN court orders Uganda to pay $325m in reparations to DR Congo https://t.co/Etm5WS7ahT https://t.co/ntrsBNgjma
477,2022-02-06 11:46:14,AJENews,"RT @AJEnglish: ‚ÄúMy heart is aching too much for him.‚Äù 

A rescue operation that captured the world‚Äôs attention has come to a tragic end.‚Ä¶"
478,2022-02-05 20:52:49,AJENews,BREAKING: Rescuers extract Moroccan boy trapped in a well for 5 days https://t.co/RQ7w43SdUj https://t.co/xJ1z58A7O6
479,2022-02-04 13:08:22,AJENews,RT @AJEnglish: ‚ö°Here's everything you need to know about the #Beijing2022 Winter Olympics üëá https://t.co/dvRndgztin
480,2022-02-04 09:39:15,AJENews,"RT @AJEnglish: THREAD üëá

The 2022 Winter Olympics have kicked off under a cloud of COVID restrictions, diplomatic boycotts and questions ov‚Ä¶"
481,2022-02-03 13:37:04,AJENews,RT @AJEnglish: Biden says that the leader of ISIL has been ‚Äòremoved from the battlefield‚Äô after a US operation in Syria‚Äôs Idlib. At least t‚Ä¶
482,2022-02-03 13:31:40,AJENews,BREAKING: Biden: Raid in Syria has taken ISIL leader ‚Äòoff the battlefield‚Äô https://t.co/K2Cf3HgAYe https://t.co/Eh6LcQLbdO
483,2022-02-02 10:46:22,AJENews,BREAKING: Dozens killed in attack on DRC camp for displaced people https://t.co/8V4xE8IuQk https://t.co/8mFWE8UVHz
484,2022-02-01 16:55:22,AJENews,BREAKING: Heavy gunfire heard near presidential palace in Guinea-Bissau https://t.co/0guLkSTJB3 https://t.co/AsKGdpZLfy
485,2022-02-01 09:06:40,AJENews,BREAKING: Israel imposing ‚Äòapartheid‚Äô on Palestinians: Amnesty https://t.co/EGxWK011bf https://t.co/cD2cVWhONB
486,2022-01-31 14:56:39,AJENews,BREAKING: ‚ÄòPartygate‚Äô report slams ‚Äòfailures of leadership‚Äô in UK https://t.co/vfK2wmms8Z https://t.co/hs6V4RKyus
487,2022-01-28 17:28:51,AJENews,"RT @AJEnglish: THREAD ‚¨áÔ∏è

48 bullets in two minutes.

In 2017, a gunman killed six people at a Quebec City mosque. Five years on, the attac‚Ä¶"
488,2022-01-27 06:34:24,AJENews,"BREAKING: Soldier opens fire, kills five guards at Ukraine military plant https://t.co/4vkMXjrTR1 https://t.co/I7tNullfGy"
489,2022-01-24 17:54:14,AJENews,BREAKING: Soldiers say Burkina Faso army has deposed President Kabore https://t.co/3GX0bCKKUh https://t.co/0ivcZ9x6y5
490,2022-01-24 14:06:20,AJENews,RT @AJEnglish: Burkina Faso‚Äôs president has been detained in an apparent military coup. Soldiers had earlier carried out mutinies at severa‚Ä¶
491,2022-01-24 10:15:17,AJENews,Burkina Faso President Kabore ‚Äòdetained‚Äô by mutinous soldiers https://t.co/P4d6ATrZFi https://t.co/qLhgzzW2S2
492,2022-01-21 01:41:38,AJENews,"At least 17 people confirmed dead, 59 others injured in explosion in western Ghana https://t.co/VIpcRqbDs7 https://t.co/0bnXPtrzXk"
493,2022-01-20 10:49:56,AJENews,BREAKING: Pakistan: Deadly bomb blast targets Lahore‚Äôs shopping district https://t.co/bgZROoQX80 https://t.co/NXSErIoGTN
494,2022-01-17 11:06:31,AJENews,BREAKING: Fires in Abu Dhabi as Houthis announce operation ‚Äòdeep in UAE‚Äô https://t.co/lW1ENRaX0h https://t.co/vwNAFeNgHT
495,2022-01-16 09:47:55,AJENews,BREAKING: Somalia government spokesman wounded in blast in capital https://t.co/jBkuee0qiF https://t.co/lygjMFEoPc
496,2022-01-16 07:04:15,AJENews,BREAKING: Novak Djokovic loses fight against Australia deportation https://t.co/DcCCoaF0Jd https://t.co/fi5D7wicLe
497,2022-01-16 04:36:41,AJENews,UPDATE: All hostages released after hours-long standoff at Texas synagogue https://t.co/xzD6SBxl2g
498,2022-01-16 01:17:19,AJENews,"UPDATE: One Texas synagogue hostage released, police say https://t.co/xzD6SBxl2g https://t.co/bmYTV7tBdh"
499,2022-01-16 00:35:36,AJENews,"Man takes hostages at Texas synagogue, officials say https://t.co/xzD6SBxl2g https://t.co/4WazZ3OaQV"
500,2022-01-14 07:07:30,AJENews,BREAKING: Djokovic faces deportation after Australia visa canceled again https://t.co/Du7M1AOihw https://t.co/T7rEzAKpuL
501,2022-01-13 09:33:36,AJENews,BREAKING: German court sentences former Syrian colonel to life in prison https://t.co/nbi5nyXO17 https://t.co/gpw7jtzRLg
502,2022-01-12 12:19:55,AJENews,BREAKING: UK PM Johnson admits to attending lockdown gathering https://t.co/jSGWbFcas8 https://t.co/7Ifj9kF7PT
503,2022-01-11 20:09:26,AJENews,"RT @AJEnglish: THREAD üßµ
 
#OnThisDay 20 years ago, exactly four months after the September 11 2001 attacks, the US opened a high-security p‚Ä¶"
504,2022-01-10 06:59:38,AJENews,"BREAKING: Judge reinstates Djokovic‚Äôs visa, orders release from detention https://t.co/J73Q4ZsixK https://t.co/AnPQVmsD2R"
505,2022-01-08 06:45:16,AJENews,Kazakhstan detains former security chief for treason  https://t.co/E4TTaVSWUR https://t.co/l4Xg05bmzq
506,2022-01-07 20:41:02,AJENews,BREAKING: US judge sentences Ahmaud Arbery‚Äôs killers to life in prison https://t.co/6tBVWVM5GH https://t.co/NKN7gnklG4
507,2022-01-07 12:05:22,AJENews,"RT @AJEnglish: Latest updates: January 7

Police have killed more protesters in Kazakhstan as¬†unrest¬†continues https://t.co/Xmx7Oy7jCV 

üî¥‚Ä¶"
508,2022-01-06 14:15:55,AJENews,"RT @AJEnglish: Dozens of people have reportedly been killed in Kazakhstan, where protesters tried to storm gov't buildings on the latest da‚Ä¶"
509,2022-01-02 20:50:48,AJENews,BREAKING: Sudan PM Abdalla Hamdok resigns after deadly protest https://t.co/mDWa23eWWY https://t.co/iH4VM8ysSP
510,2022-01-02 06:45:45,AJENews,South Africa: Parliament building in Cape Town catches fire https://t.co/NjOUM5L3da https://t.co/pWfFp3Km4K
511,2022-01-01 03:43:43,AJENews,"Several dead, injured in stampede at religious shrine in Kashmir https://t.co/Zf4Bvr3Fj7 https://t.co/acAOt0Bqck"
512,2021-12-31 13:13:42,AJENews,"RT @AJEnglish: THREAD üß∂

Whether it was NFT FOMO or working from home JOMO, 2021 covered a lot of ground.

From a global vaccination roll-o‚Ä¶"
513,2021-12-29 14:18:54,AJENews,"RT @AJEnglish: ICYMI, here are some of the most memorable moments of 2021 üëá https://t.co/vf5wo3vaU7"
514,2021-12-28 16:34:18,AJENews,"RT @AJEnglish: THREAD üëá

There has been plenty of bad news when it comes to the state of the global environment this year. So here‚Äôs a look‚Ä¶"
515,2021-12-26 07:24:56,AJENews,BREAKING: South Africa‚Äôs Archbishop Desmond Tutu dies aged 90 https://t.co/Jrp3PxIZJq https://t.co/ucsGqpMVcE
516,2021-12-24 04:56:36,AJENews,At least 32 dead in Bangladesh ferry fire https://t.co/3dHTbGqpam https://t.co/pSDtwlEJ4z
517,2021-12-23 13:59:10,AJENews,"RT @AJEnglish: THREAD üßµ

As 2021 comes to a close, here's a look at some of the African authors who took the literary world by storm this y‚Ä¶"
518,2021-12-18 13:17:56,AJENews,"RT @AJEnglish: THREAD üßµ

It's #InternationalMigrantsDay. More than 45,400 people worldwide have died during migration journeys since 2014,‚Ä¶"
519,2021-12-16 08:34:46,AJENews,"RT @AJEnglish: The pioneering Black feminist and activist bell hooks has died at the age of 69. 

By styling her name in lower case, she wa‚Ä¶"
520,2021-12-15 20:16:26,AJENews,"RT @AJEnglish: Pioneering Black feminist intellectual bell hooks has died aged 69.

She died at her home in Kentucky from an undisclosed il‚Ä¶"
521,2021-12-15 06:19:58,AJENews,Dozens trapped in Hong Kong shopping centre fire: reports https://t.co/n9XPqi4mTW https://t.co/8HzIHswCKE
522,2021-12-14 04:39:22,AJENews,Indonesians flee homes after 7.3 quake prompts tsunami warning https://t.co/SS2tv5NxvB https://t.co/EahEBCETj1
523,2021-12-13 20:00:53,AJENews,BREAKING: Tunisia president announces referendum and elections https://t.co/CkpPHqXwX9 https://t.co/C65Zip3Nqr
524,2021-12-10 16:07:02,AJENews,"RT @AJEnglish: Al Jazeera interviews the recipients of this year‚Äôs Nobel Peace Prize, journalists Maria Ressa and Dmitry Muratov. Join the‚Ä¶"
525,2021-12-10 13:29:56,AJENews,"RT @AJEnglish: At least 53 people have been killed after a container truck packed with migrants from Central America crashed in Mexico. 

R‚Ä¶"
526,2021-12-10 10:36:53,AJENews,BREAKING: US wins appeal over extradition of WikiLeaks founder Assange https://t.co/NEXWOKGiUr https://t.co/SrIyLiHYu9
527,2021-12-08 13:56:28,AJENews,"RT @AJEnglish: India‚Äôs defence chief General Bipin Rawat, his wife, and 11 other people killed after a military helicopter they were travel‚Ä¶"
528,2021-12-08 13:13:43,AJENews,"BREAKING: India defence boss, wife and 11 others killed in helicopter crash https://t.co/LGFFdLfCVP https://t.co/Y5ZyeeHG2B"
529,2021-12-07 10:04:53,AJENews,BREAKING: Several killed as blast rocks Iraqi city of Basra https://t.co/WI6TF4ygqL https://t.co/UKLsSrbmf1
530,2021-12-06 06:01:35,AJENews,BREAKING: Myanmar‚Äôs Suu Kyi sentenced to four years in jail: Reports.  https://t.co/GSd4k4nBjV https://t.co/ec2lV73e87
531,2021-11-30 18:42:40,AJENews,BREAKING: Qatar defeats Bahrain 1-0 as FIFA Arab Cup gets under way https://t.co/LgV51tgK5c https://t.co/OfobHvYo2t
532,2021-11-30 09:47:40,AJENews,BREAKING: Uganda says it launched joint raids with DRC against ADF https://t.co/QqbOA5jJg3 https://t.co/a04HSw0z8M
533,2021-11-25 06:30:31,AJENews,BREAKING: Somali capital Mogadishu rocked by huge explosion: Witnesses https://t.co/PoQW6D05EM https://t.co/4Et3z4ZaEH
534,2021-11-24 19:01:40,AJENews,BREAKING: Jury delivers guilty verdicts in killing of Ahmaud Arbery https://t.co/naMf7CuuT6 https://t.co/f0OX4mPaZo
535,2021-11-24 19:00:27,AJENews,BREAKING: Jury delivers guilty verdicts in killing of Ahmaud Arbery https://t.co/naMf7CuuT6
536,2021-11-21 13:06:51,AJENews,BREAKING: Sudan‚Äôs Hamdok reinstated as prime minister after political agreement signed https://t.co/c73cRA6yY9 https://t.co/aeUluALaLT
537,2021-11-21 13:00:30,AJENews,"RT @AJEnglish: ‚≠ï LIVE: In Sudan, an agreement has reportedly been reached to reinstate deposed leader Abdalla Hamdok as prime minister. 

R‚Ä¶"
538,2021-11-19 18:24:01,AJENews,BREAKING: Kyle Rittenhouse found not guilty on all charges https://t.co/08uYQ91wZO https://t.co/gqGFg8qiYO
539,2021-11-19 11:51:38,AJENews,BREAKING: UK moves to ban Hamas as ‚Äòterrorist organisation‚Äô https://t.co/z6ugaZi4cg https://t.co/r3BZMZn85V
540,2021-11-16 08:45:19,AJENews,BREAKING: Libya‚Äôs Haftar announces he will run for presidential elections https://t.co/oG4KJht22W https://t.co/tK2NtODvtX
541,2021-11-16 08:28:06,AJENews,"BREAKING: Two explosions heard in the Ugandan capital, Kampala: Witnesses https://t.co/3ZB0gj4gwA https://t.co/rHfbSZgh9W"
542,2021-11-15 10:29:06,AJENews,BREAKING: US journalist Danny Fenster released from Myanmar prison https://t.co/wD2Nik7OFh https://t.co/d13TykMxr4
543,2021-11-13 19:57:10,AJENews,BREAKING: Negotiators at the UN COP26 summit in Glasgow reach deal on climate action https://t.co/SBVNJrzA9L https://t.co/CfG9ovV3tY
544,2021-11-12 10:18:34,AJENews,BREAKING: Afghan mosque hit by blast during Friday prayers: Reports https://t.co/9vDhKoroco https://t.co/w5QkA0tIVG
545,2021-11-12 06:44:27,AJENews,BREAKING: US journalist Danny Fenster jailed for 11 years in Myanmar https://t.co/W4Wqx9MFTB https://t.co/RMCQ5CJWls
546,2021-11-11 10:38:06,AJENews,BREAKING: Former South Africa President De Klerk dies at age 85 https://t.co/SCJg4Xgtrx https://t.co/KBqy1HKroS
547,2021-11-10 14:06:38,AJENews,"RT @AJEnglish: ‚ÄúWe‚Äôre hungry, sick and cold but they told us to go back to Syria.‚Äù

After travelling long journeys in hopes of a better fut‚Ä¶"
548,2021-11-10 06:41:29,AJENews,BREAKING: UN climate agency publishes draft of final Glasgow deal https://t.co/J90mrpZkZ9 https://t.co/TNs1cmE618
549,2021-11-09 16:27:19,AJENews,"BREAKING: UN staff detained in Ethiopia‚Äôs capital, world body says https://t.co/zCAso8y1uI https://t.co/7U0q73iYsL"
550,2021-11-09 13:01:06,AJENews,RT @AJEnglish: Tensions are rising along the Belarus-Poland border as thousands of migrants and refugees try to make their way into the EU.‚Ä¶
551,2021-11-03 08:51:15,AJENews,BREAKING: Ethiopia‚Äôs war marked by ‚Äòextreme brutality‚Äô from all sides: UN https://t.co/a14c1kTLtA https://t.co/mWsRM57RVL
552,2021-11-02 15:28:20,AJENews,BREAKING: Ethiopia declares nationwide state of emergency https://t.co/k8QvID5TD4 https://t.co/k7Ojcffvrz
553,2021-11-02 09:23:56,AJENews,BREAKING: Afghanistan: Twin blasts reported near military hospital in Kabul https://t.co/0umGtU0TO8 https://t.co/Ki4moNCXVR
554,2021-10-27 11:41:34,AJENews,BREAKING: African Union suspends Sudan over coup https://t.co/LZyhtJyJ7M https://t.co/6pti2ZaCYM
555,2021-10-26 12:28:16,AJENews,BREAKING: Sudan army chief says PM Hamdok is 'at my residence' after coup https://t.co/lweb06kH6G https://t.co/7UMUsCPDv7
556,2021-10-25 10:25:00,AJENews,BREAKING: Sudan‚Äôs military ruler dissolves ruling council and declares state of emergency https://t.co/4UIt6mvHzk https://t.co/UVqjNE5Kjv
557,2021-10-25 08:09:30,AJENews,"RT @AJEnglish: Sudan's PM Abdalla Hamdok is under house arrest for refusing to support a military coup attempt, says information ministry‚Ä¶"
558,2021-10-25 03:48:52,AJENews,"BREAKING: Sudan's PM Abdalla Hamdok under house arrest, reports Al-Hadath TV https://t.co/kXAwTQQqzZ https://t.co/OhZ5yRYDnE"
559,2021-10-20 08:02:06,AJENews,"RT @AJEnglish: Two roadside bombs exploded near a bus carrying troops in Syria's Damascus early on Wednesday, killing at least 13 military‚Ä¶"
560,2021-10-20 06:10:19,AJENews,BREAKING: Bomb attack kills 13 Syrian military personnel: state media https://t.co/DgP7y0w8DT https://t.co/jb3KxYq5Gj
561,2021-10-19 16:05:10,AJENews,"RT @AJEnglish: Exclusive: The Taliban says it‚Äôs working to put together its own air force.

Al Jazeera‚Äôs @osamabinjavaid obtained access to‚Ä¶"
562,2021-10-19 10:51:44,AJENews,"RT @AJEnglish: The University of Oxford is failing students when it comes to complaints of sexual harassment, a two-year @AJIUnit investiga‚Ä¶"
563,2021-10-18 12:15:09,AJENews,"BREAKING: Colin Powell, former US secretary of state, dies of COVID https://t.co/puS38Cvhti https://t.co/W54WM4kboU"
564,2021-10-15 14:17:55,AJENews,BREAKING: UK MP David Amess dies after being stabbed during meeting https://t.co/lozxT3xwwq https://t.co/cm979EhuCB
565,2021-10-15 12:55:33,AJENews,BREAKING: UK MP David Amess stabbed at local office https://t.co/lozxT3xwwq https://t.co/Ly1mOtgv5g
566,2021-10-15 10:36:31,AJENews,"UPDATE: Death toll in Kandahar mosque explosion jumps to 32
https://t.co/nrnnK9Wh0x https://t.co/VPJm5KngFe"
567,2021-10-15 09:27:02,AJENews,BREAKING: Explosion hits Shia mosque in Afghanistan‚Äôs Kandahar https://t.co/nrnnK9Wh0x https://t.co/fz6lSVZ7h6
568,2021-10-14 11:31:25,AJENews,"RT @AJEnglish: This is the moment Al Jazeera's @ZeinakhodrAljaz was interrupted by gunfire and RPG explosions in Beirut.

Several people ha‚Ä¶"
569,2021-10-14 10:53:44,AJENews,RT @AJEnglish: ‚≠ï LIVE: Gun battles break out in Beirut after a shooting at a Hezbollah-led protest. The Lebanese Army has intervened amid s‚Ä¶
570,2021-10-14 10:04:15,AJENews,RT @AJEnglish: ‚≠ï LIVE: Gunfire and explosions heard in Lebanon‚Äôs Beirut where crowds had gathered to protest about the investigation into l‚Ä¶
571,2021-10-14 09:52:12,AJENews,"One killed, several wounded in gunfire near Beirut protest https://t.co/euZoK20IYq https://t.co/JIGDJ7D8XC"
572,2021-10-13 19:34:55,AJENews,BREAKING: Several people killed in bow and arrow attack in Norway https://t.co/Cacti2DJ8N https://t.co/k6ogsZeTey
573,2021-10-11 08:54:00,AJENews,‚ÄòHuge fire‚Äô at Lebanon‚Äôs Zahrani oil facility contained https://t.co/sF2ltYv9G0 https://t.co/g8d2JXHCtS
574,2021-10-11 06:33:27,AJENews,Fire breaks out at Lebanon‚Äôs Zahrani oil facility https://t.co/sF2ltYv9G0 https://t.co/J8thUMg80N
575,2021-10-08 09:49:23,AJENews,RT @AJEnglish: The 2021 Nobel Peace Prize has been jointly awarded to journalists Maria Ressa from the Philippines and Dmitry Muratov from‚Ä¶
576,2021-10-08 09:04:46,AJENews,BREAKING: Maria Ressa and Dmitry Muratov win 2021 Nobel Peace Prize https://t.co/ZMD8BnD8gO https://t.co/DwuESv2aeW
577,2021-10-07 16:41:57,AJENews,BREAKING: Saudi Arabia-led consortium completes Newcastle United takeover https://t.co/PViPJBGBYE https://t.co/fTIqNtn7rf
578,2021-10-07 11:11:16,AJENews,BREAKING: Tanzania‚Äôs Abdulrazak Gurnah wins 2021 Nobel Prize in literature https://t.co/BEnUO90kkt https://t.co/bvdKSbvIP0
579,2021-10-05 12:29:57,AJENews,RT @AJEnglish: ‚ö°Here's what you need to know about the Pandora Papers üëá https://t.co/Dnokrzq41h
580,2021-10-04 19:46:46,AJENews,"RT @AJEnglish: While Facebook, Instagram and WhatsApp aren't competing for your attention, read our thread üßµ on everything you need to know‚Ä¶"
581,2021-10-03 11:59:42,AJENews,BREAKING: Several killed in blast outside Kabul mosque https://t.co/Hx15ycnJgw https://t.co/ha0dpKQGiN
582,2021-10-01 16:44:18,AJENews,BREAKING: Georgia arrests ex-president Saakashvili after return from exile https://t.co/OlGGBSRFpf https://t.co/Y7yZ5830cM
583,2021-09-30 14:17:47,AJENews,BREAKING: Ethiopia orders expulsion of 7 top UN officials over ‚Äòmeddling‚Äô https://t.co/HBMZbQnOe6 https://t.co/W8n0z95MCv
584,2021-09-30 11:25:21,AJENews,"BREAKING: Sarah Everard: UK police officer gets life term for rape, murder https://t.co/2wPEntTnLb https://t.co/MermON89e6"
585,2021-09-30 09:09:10,AJENews,BREAKING: France‚Äôs Sarkozy convicted of illegal campaign financing https://t.co/vOVqKrBfRr https://t.co/nTSnhOmzop
586,2021-09-29 11:18:37,AJENews,BREAKING: Tunisia‚Äôs president names Romdhane as country‚Äôs first female PM https://t.co/Nxft9hb5nb https://t.co/awCyXaF0qA
587,2021-09-27 17:47:29,AJENews,"World leaders speak on final day of UN General Assembly 

Latest updates: https://t.co/QdcbywSipE https://t.co/wCWuIX0Oy5"
588,2021-09-26 17:53:47,AJENews,BREAKING: Magnitude 5.7 earthquake hits south of Philippines capital https://t.co/u2Lx6KwtCu https://t.co/PRnbMwbd0q
589,2021-09-26 07:23:41,AJENews,BREAKING: Three Palestinians killed by Israeli forces in occupied West Bank https://t.co/pwuQRUjzNW https://t.co/UoBjfr2GEC
590,2021-09-25 01:52:41,AJENews,"Canadian PM Trudeau says Kovrig, Spavor have left China https://t.co/HGvTwyW6Hu https://t.co/bd4lkQ8njJ"
591,2021-09-23 13:50:05,AJENews,World leaders speak on day three of UN General Assembly. The latest updates: https://t.co/wvvb4sjIZ2 https://t.co/aiDSoHgwuz
592,2021-09-22 18:53:01,AJENews,"RT @AJEnglish: The US is providing more than $290m in additional humanitarian assistance for Yemen, Secretary of State Antony Blinken has s‚Ä¶"
593,2021-09-22 14:06:24,AJENews,"RT @AJEnglish: World leaders address the #UNGA for a second day at the UN headquarters in New York.

üîµ Follow our LIVE blog for the latest‚Ä¶"
594,2021-09-22 09:48:44,AJENews,Shots fired at car carrying Ukrainian president‚Äôs aide https://t.co/4ywdPHnTXs https://t.co/0NR0UrfwMd
595,2021-09-21 20:45:18,AJENews,"Chinese leader Xi Jinping tells UN China will stop funding coal projects overseas.

LIVE updates: https://t.co/pU1gvK0s5H https://t.co/fDpgE69Lyh"
596,2021-09-21 19:28:32,AJENews,"DRC leader Felix Tshisekedi tells UNGA: ""Africa does not need charity.""

LIVE updates: https://t.co/pU1gvK0s5H https://t.co/R2QtBQTc94"
597,2021-09-21 18:35:04,AJENews,RT @AJEnglish: @marwanbishara Qatar‚Äôs Emir Sheikh Tamim bin Hamad Al Thani called for end to Israeli occupation of Arab territories and the‚Ä¶
598,2021-09-21 18:34:34,AJENews,"Iran wants resumption of nuclear talks: Iranian President Ebrahim Raisi tells UN.

LIVE updates: https://t.co/pU1gvK0s5H https://t.co/nTv6UU5EDR"
599,2021-09-21 17:19:06,AJENews,"Our efforts in Afghanistan were ""not in vain"": NATO Secretary General Jens Stoltenberg tells Al Jazeera. 

LIVE updates: https://t.co/pU1gvK0s5H https://t.co/kqvQ19HXrP"
