"doc_id","text"
1,"عاجل | رئيس جبهة الخلاص الوطني في #تونس: ندعو لتشكيل حكومة إنقاذ وطني تجمع كلمة التونسيين"
2,"عاجل | مراسل #الجزيرة: عمليات تخريب خلال مواجهات بين قوات الأمن الفرنسية ومحتجين على مقتل 3 أكراد في هجوم باريس"
3,"عاجل | غازبروم: انخفاض صادرات الغاز للبلدان خارج رابطة الدول المستقلة بمعدل 44.5% خلال الأشهر العشرة الأخيرة"
4,"عاجل | رويترز عن مصادر: حزمة المساعدات الأمريكية الجديدة تتيح لأوكرانيا قدرات لهزيمة المسيرات وتعزيز دفاعاتها الجوية"
5,"عاجل | إعلان الطوارئ في ولاية جنوب دارفور وحظر التجوال في محافظة بليل إثر اندلاع أعمال عنف قبلي"
6,"عاجل | رويترز: الأمريكية سارة كريفانيك التي أمرت السلطات الروسية بترحيلها على خلفية نزاع أسري تقول إنها غادرت روسيا"
7,"عاجل | الدفاع الروسية: توجيه ضربات لأنظمة التحكم العسكري والمجمع الصناعي الدفاعي ومرافق الطاقة في أوكرانيا"
8,"عاجل | وزير الخارجية الروسي: الدول الأوروبية أصبحت غير قادرة على حماية مصالحها"
9,"عاجل | البيت الأبيض: الرئيس بايدن يفوض وزير الخارجية بتقديم مساعدات أمنية لأوكرانيا بقيمة مليار دولار"
10,"عاجل | الكرملين: العلاقات الروسية الغربية وصلت إلى مرحلة المواجهة وعلينا التعايش مع هذه الظروف"
11,"عاجل | رئيس الفيفا: إقامة مباريات كأس العالم في نوفمبر وديسمبر له تأثير إيجابي"
12,"عاجل | وزير الخارجية الأمريكي: بريتني غرينر في طريقها إلى منزلها بعد أشهر من الاعتقال غير المشروع في روسيا"
13,"عاجل | وزارة الدفاع الروسية: تدمير ورش لصيانة أسلحة الجيش الأوكراني في مدينة كراماتورسك"
14,"عاجل | بوتين: يجب الاستفادة من خبرة قواتنا العسكرية التي عملت في #سوريا"
15,"عاجل | الكرملين: سقف الاتحاد الأوروبي لأسعار الغاز هجوم على آلية تحديد السوق للسعر وهو غير مقبول"
16,"عاجل | وكالة الأنباء الألمانية عن الأمين العام للنيتو: الدعم العسكري لأوكرانيا هو أسرع طريق للسلام"
17,"عاجل | الكرملين: لم تكن هناك دعوة سلام حقيقية من بايدن وزيلنسكي ولم يكن هناك تحذير من قصف المباني السكنية بدونباس"
18,"عاجل | البيت الأبيض: نعتقد أن وضع سقف لسعر النفط الروسي سيثبت سعره المخفض"
19,"عاجل | الكرملين: لدى روسيا وتركيا بعض الخلافات حول #سوريا لكن مستوى العلاقات بين البلدين يسمح بحلها من خلال المحادثات"
20,"عاجل | مصادر تركية للجزيرة: اجتماع موسكو بحث تصورا يضع حدا لوجود ما تعرف بقوات #سوريا الديمقراطية شمالي #سوريا"
21,"عاجل | أ.ب عن مسؤولين أمريكيين: المساعدات الجديدة لأوكرانيا هي الأضخم في سلسلة المعدات المقدمة من مخزون البنتاغون"
22,"عاجل | رئيس الوزراء الياباني: اليابان والولايات المتحدة تواجهان تحديات وبيئة أمنية معقدة"
23,"عاجل | أ.ف.ب عن مصادر أمنية مصرية: مقتل 3 من عناصر الشرطة باعتداء على حاجز أمني في مدينة الإسماعيلية شرقي #مصر"
24,"عاجل | رويترز: فشل أول محاولة أوروبية لإطلاق قمر صناعي من غرب القارة نتيجة خلل حال دون وصول الصاروخ إلى مداره"
25,"عاجل | مصادر رسمية تركية للجزيرة: أنقرة اشترطت عودة مؤسسات النظام السوري بدلا من ""قوات #سوريا الديمقراطية"""
26,"عاجل | الخارجية الروسية: شروع الاتحاد الأوروبي في إنشاء محكمة خاصة بروسيا تستر على تورطه في جرائم الحرب بأوكرانيا"
27,"عاجل | الرئاسة الأوكرانية: هناك نهاية واحدة للحرب بخسارة المعتدي ومعاقبته بقسوة"
28,"عاجل | قاض أمريكي يفرض على منظمة ترمب غرامة قدرها 1,6 مليون دولار بسبب التهرب الضريبي"
29,"عاجل | أمين عام حزب العمال التونسي: ديكتاتورية قيس سعيّد ستسقط مثلما سقطت ديكتاتورية بن علي"
30,"عاجل | رئيس الوزراء البريطاني: أمن الطاقة في بلادنا يتطلب منع الشركات الصينية من المشاركة في مشاريعنا"
31,"عاجل | مستشار الرئيس الأوكراني: الاختراقات في العمق الروسي تعكس فقدان سيطرة موسكو على مناطق العمليات بأوكرانيا"
32,"عاجل | أسوشييتد برس: البحرية التايلاندية تقول إن 31 بحارا ما زالوا في المياه بعد غرق السفينة الحربية في خليج تايلاند"
33,"عاجل | محامي شبكة #الجزيرة: على المحكمة الجنائية تحديد من شاركوا بشكل مباشر في اغتيال شيرين ومن أعطى الأوامر"
34,"عاجل | مسؤول حكومي للجزيرة: قتلى وجرحى في تفجير وقع داخل مدرسة دينية في ولاية سمنغان شمالي أفغانستان"
35,"عاجل | وزارة الدفاع الروسية: تدمير 4 مستودعات ذخيرة تابعة للقوات الأوكرانية في مقاطعة زابوروجيا"
36,"عاجل | البيان الختامي للقمة الخليجية: أشاد المجلس الأعلى بنتائج القمة الخليجية الأمريكية في إطار الشراكة الاستراتيجية"
37,"عاجل | سلطات الاحتلال تبلغ الجانب الفلسطيني باستشهاد الشاب الذي تعرض لإطلاق نار في بلدة حوارة جنوبي نابلس"
38,"عاجل | أسوشييتد برس عن حاكم نيويورك: ارتفاع عدد ضحايا العاصفة الثلجية التي تضرب الولاية إلى 12 قتيلا"
39,"عاجل | رئيس الوزراء السويدي: تركيا طلبت منا أشياء لا يمكن تلبيتها مقابل موافقتها على دعم انضمامنا للنيتو"
40,"عاجل | مراسل #الجزيرة: الجيش الإسرائيلي يعتقل يحيى السعدي نجل القيادي بحركة الجهاد الشيخ بسام السعدي من مخيم جنين"
41,"عاجل | رئيس الفيفا: إيرادات كأس العالم في #قطر بلغت 7.5 مليار دولار بزيادة مليار دولار عن النسخة السابقة"
42,"عاجل | الرئيس الأوكراني: الوضع في دونيتسك صعب ويتطلب مستوى جديدا من المساعدات العسكرية"
43,"عاجل | الدفاع الروسية: المقاتلات الروسية والصينية لم تخترق المجال الجوي لأي دول أخرى خلال الدوريات المشتركة"
44,"عاجل | وزارة الدفاع الكورية الجنوبية: سول وواشنطن عقدتا اجتماعا استشاريا أمنيا في نوفمبر من العام الماضي"
45,"عاجل | مستشار الأمن القومي الأمريكي: الولايات المتحدة لم تتلق أي طلب رسمي من الحكومة البرازيلية بشأن بولسونارو"
46,"عاجل | بوريل: الأمر الصادر عن بوتين بوقف إطلاق النار في أوكرانيا يفتقر للمصداقية"
47,"عاجل | السنوار: تقديراتنا الاستخبارية أننا سنكون عام 2023 أمام استحقاقات وطنية كبرى وعلى مقاومتنا الاستعداد لها"
48,"عاجل | رويترز: مقتل عسكري وإصابة آخر في تبادل لإطلاق النار في ثكنة تابعة لقاعدة جوية في بلدة فينر نويشتات النمساوية"
49,"عاجل | سلطات ولاية نيويورك الأمريكية: وفاة 25 شخصا في منطقة بوفالو غربي الولاية بسبب موجة البرد القارس"
50,"عاجل | ريا نوفوستي: غروسي سيناقش غدا في موسكو إمكانية إنشاء منطقة آمنة حول محطة زابوروجيا النووية"
51,"عاجل | الرئيس الأوكراني: مدينة باخموت الأوكرانية ما تزال صامدة رغم قصف المرتزقة المتواصل منذ مايو الماضي"
52,"عاجل | قادة الاتحاد الأوروبي يقررون منح البوسنة والهرسك صفة دولة مرشحة لعضوية الاتحاد"
53,"عاجل | نوفاك: روسيا تعيد توجيه واردات الطاقة للأسواق الأخرى والأولوية ستكون لدول آسيا وإفريقيا وأمريكا اللاتينية"
54,"عاجل | الدفاع الروسية: مقتل أكثر من 70 مرتزقا أجنبيا في دونيتسك وخاركيف"
55,"عاجل | مراسلة الجزير: وزير الأمن القومي الإسرائيلي إيتمار بن غفير يقتحم ساحات المسجد الأقصى"
56,"عاجل | بلينكن: دعمنا الجماعي لأوكرانيا ساعدها على شن هجمات مضادة وتحرير أراضيها"
57,"عاجل | الخارجية الأمريكية: السيطرة على بلدة سوليدار في حال صحتها تؤكد تحقيق موسكو مكاسب ضئيلة مقابل تكاليف باهظة"
58,"عاجل | بوريل: لا يزال الاتحاد الأوروبي ملتزما بتقديم الدعم العسكري لأوكرانيا وشركاء آخرين على حد سواء"
59,"عاجل | الصحة الفلسطينية: استشهاد فتاة تبلغ من العمر 16 عاما بنيران جنود الاحتلال خلال اقتحام مدينة جنين"
60,"عاجل | سلطات خاركيف الأوكرانية: قصف المنطقة الصناعية في المدينة بـ4 صواريخ روسية من  طراز إس-300"
61,"عاجل | عبد الفتاح البرهان: نتطلع لحكومة مدنية تحقق تطلعات الشعب السوداني"
62,"عاجل | الرئاسة الأوكرانية: زيلنسكي يزور باخموت على خط الجبهة شرقي البلاد"
63,"عاجل | الكرملين: الرئيسان الروسي والتركي ناقشا في اتصال هاتفي مشروعات الطاقة المشتركة خاصة في قطاع الغاز"
64,"عاجل | محامي شبكة #الجزيرة: نأمل أن تتحقق العدالة لشيرين ونحث المدعي العام على اتخاذ الإجراءات لمحاسبة المسؤولين"
65,"عاجل | واشنطن بوست عن مسؤولين أمريكيين: إدارة بايدن ستزود أوكرانيا بتقنية تسمح بتحويل الذخائر الجوية إلى قنابل ذكية"
66,"عاجل | مندوب #تركيا بمجلس الأمن: الحديث عن تأثير عملياتنا ضد حزب العمال الكردستاني على مواجهة تنظيم الدولة غير واقعي"
67,"عاجل | الخارجية الأمريكية: دعوة روسيا للهدنة مثيرة للسخرية بعد مهاجمتها البنية التحتية الأوكرانية يوم رأس السنة"
68,"عاجل | مراسل #الجزيرة عن مصدر أمني أفغاني: تفجير قرب مقر للشرطة في ولاية بدخشان شمالي البلاد"
69,"عاجل | رويترز عن الإدارة العسكرية في كييف: أسقطنا 9 طائرات مسيرة إيرانية الصنع في مجالنا الجوي"
70,"عاجل | مصادر تركية للجزيرة: الوفد الروسي أبلغنا موافقة ""قوات #سوريا الديمقراطية"" على المقترح شرط عدم حصول اجتياح تركي"
71,"عاجل | وزارة الدفاع الروسية: تدمير أكثر من 500 طائرة ومروحية للقوات الأوكرانية منذ بدء العملية العسكرية في أوكرانيا"
72,"عاجل | مساعد وزير الخارجية الإيراني للجزيرة: التهديدات الإسرائيلية لا تقلقنا ومستعدون للرد على أي اعتداء"
73,"عاجل | الأمين العام للاتحاد التونسي للشغل: أدعو للاستعداد لمعركة وطنية من أجل إنقاذ #تونس"
74,"عاجل | الجيش الأوكراني: قصف روسي يستهدف البنية التحتية في مقاطعة دنيبرو جنوبي أوكرانيا"
75,"عاجل | رويترز عن الأمين العام للنيتو: من الخطورة التقليل من شأن روسيا ونحتاج إلى مزيد من الجنود والذخائر والأسلحة"
76,"عاجل | مصدر تركي رسمي للجزيرة: لن نمدد المهلة الزمنية والبديل عن خروج ""قوات #سوريا الديمقراطية"" عملية عسكرية"
77,"عاجل | رئيس جبهة الخلاص في #تونس للجزيرة: لا خروج من الأزمة في #تونس إلا عبر قيادة سياسية جديدة ومن خلال صندوق الاقتراع"
78,"عاجل | أردوغان: إذا فشلت السويد في اتخاذ إجراءات إزاء حزب العمال الكردستاني قد يتصاعد التوتر في العلاقات"
79,"عاجل | سلطات مقاطعة زابوروجيا الأوكرانية: مقتل شخصين وإصابة آخرين في قصف روسي على المقاطعة"
80,"عاجل | قوى مدنية توقع على الاتفاق السياسي الإطاري مع مجلس السيادة السوداني"
81,"عاجل | مراسل #الجزيرة: دوي انفجارات في مقاطعة زابوروجيا جنوبي أوكرانيا"
82,"عاجل | الدفاع الروسية: مقتل 63 جنديا روسيا جراء هجوم صاروخي للقوات الأوكرانية على ماكييفكا في دونيتسك"
83,"عاجل | رئيس مجلس السيادة في #السودان: لن نتراجع عما اتفقنا عليه ولن يكون للقوات المسلحة أي دور في العملية الانتقالية"
84,"عاجل | رويترز: أردوغان يقول إنه يريد عقد اجتماع مع الرئيس السوري ويؤكد أن لدى بوتين نظرة إيجابية لهذا الأمر"
85,"عاجل | وسائل إعلام تركية: تحييد مسؤولة المخابرات في حزب العمال الكردستاني في عملية للاستخبارات التركية شمالي #العراق"
86,"عاجل | لافروف: اقترحنا توقيع اتفاقية بشأن الأمن الأوروبي وقد تم رفض ذلك"
87,"عاجل | شويغو: القوات المسلحة ستزيد من استخدام الطيران في مناطق عمليات الدفاع الجوي الجديدة للعدو"
88,"عاجل | البيان الختامي للقمة الصينية العربية: احترام حق الشعوب  في طرق تطويرها للديمقراطية ورفض التدخل في شؤونها"
89,"عاجل | البيت الأبيض: مباحثات بايدن ورئيس الوزراء الياباني ستشمل ملفات الصين وروسيا والبرنامج الصاروخي لكوريا الشمالية"
90,"عاجل | أردوغان: ننشئ حزاما أمنيا على طول حدودنا الجنوبية بأكملها من الغرب إلى الشرق في أقرب وقت ممكن"
91,"عاجل | نائب رئيس مكتب زيلنسكي: انقطاع الكهرباء عن خيرسون بشكل كامل بسبب القصف الروسي العنيف للبنية التحتية"
92,"عاجل | إدارة الطيران الفدرالية الأمريكية: نواصل البحث في سبب العطل الفني الذي أدى إلى تعطيل الحركة الجوية"
93,"عاجل | عمدة ميكولايف الأوكرانية: نحذر من هجوم صاروخي روسي واسع وندعو السكان إلى توخي الحذر"
94,"عاجل | الخارجية الصينية: المفاوضات الحالية بشأن الملف النووي الإيراني وصلت إلى مفترق طرق"
95,"عاجل | وزير الخارجية الأمريكي: بوتين وجه غضبه ونيرانه إلى المدنيين في أوكرانيا خلال الأسابيع الماضية"
96,"عاجل | سي إن إن عن مصادر: إطلاق سراح لاعبة كرة السلة الأمريكية  بريتني غرينر المحتجزة بروسيا في صفقة تبادل أسرى"
97,"عاجل | السلطات الأوكرانية في أوديسا: هجوم صاروخي روسي يستهدف البنية التحتية في المدينة جنوبي البلاد"
98,"عاجل | البعثة الأمريكية: لا يمكن أن تكون طالبان عضوا شرعيا في المجتمع الدولي حتى تحترم حقوق كل الأفغان وخاصة النساء"
99,"عاجل | مراسلة #الجزيرة: صافرات الإنذار تدوي في العاصمة الأوكرانية كييف بعد إعلان حالة الإنذار الجوي"
100,"عاجل | وسائل إعلام برازيلية: حاكم برازيليا يقرر إنزال جميع أفراد الشرطة إلى الشوارع لاحتواء المظاهرات"
101,"عاجل | رئيس الوزراء البريطاني: أصابني الذهول جراء إعدام المواطن البريطاني الإيراني علي رضا أكبري"
102,"عاجل | الدفاع الأمريكية: نحرص ألا تؤدي المساعدات التي نقدمها لأوكرانيا من مخزوناتنا إلى التأثير على جاهزيتنا"
103,"عاجل | البيت الأبيض تعليقا على الاحتجاجات في الصين: للمواطنين الحق في الاحتجاج السلمي ويجب عدم إعاقته أو التدخل فيه"
104,"عاجل | المتحدث باسم حركة النهضة التونسية: سياسة الهروب للأمام وفبركة السلطة قضايا للخصوم سياسة فاشلة"
105,"عاجل | وزير الخارجية الأوكراني: لا نرى أي مؤشرات على أن الجانب الروسي مستعد حقا للمفاوضات"
106,"عاجل | رويترز عن بيان للبنتاغون: أوستن يبلغ نظيره التركي معارضته الشديدة لعملية عسكرية تركية جديدة في #سوريا"
107,"عاجل | وول ستريت جورنال عن مصادر: الحرب في أوكرانيا سببت تأخير طلبات أسلحة أمريكية موجهة لتايوان بقيمة ١٩ مليار دولار"
108,"عاجل | رئيس مجموعة زوكونفت الألمانية: وضع سقف لأسعار الغاز وهم سياسي لا يمكن تنفيذه عمليا"
109,"عاجل | الخارجية الإيرانية: لسنا جزءا من الحرب بأوكرانيا والاتهامات ضدنا واهية"
110,"عاجل | المرشد الإيراني: الغرب يريد إسقاط النظام في #إيران ولن يتمكن من ذلك"
111,"عاجل | وزير الدفاع الأمريكي: نعمل على أن نكون قادرين على نشر قوات أمريكية في العالم بسرعة أكبر"
112,"عاجل | وزيرة الخارجية الألمانية: خاركيف هي رمز الجنون المطلق للحرب العدوانية الروسية على أوكرانيا"
113,"عاجل | بوريل: القوة المميتة لا يمكن تبريرها إلا في المواقف التي يوجد فيها تهديد خطير على الحياة"
114,"عاجل | الجيش الأمريكي: مقاتلة صينية اقتربت بشكل غير آمن من مقاتلة أمريكية يوم 21 ديسمبر فوق بحر جنوب الصين"
115,"عاجل | الخارجية الإيرانية: ندين بشدة العدوان الصهيوني على مطار #دمشق ونعتبره انتهاكا لسيادة #سوريا ووحدة أراضيها"
116,"عاجل | رئيس الفيفا: أعتبر أداء المنتخب المغربي في بطولة كأس العالم الحالية رائعا واستثنائيا"
117,"عاجل | وزير العدل الألماني: السلطات تنفذ منذ صباح اليوم عملية كبرى لمكافحة الإرهاب"
118,"عاجل | أ ب عن المتحدثة باسم الأمم المتحدة: لا يمكن للأمين العام التوسط بشأن أوكرانيا إلا إذا أرادت جميع الأطراف ذلك"
119,"عاجل | بايدن: يمكن للطائرات الهبوط بأمان لكن لا يمكنها الإقلاع بسبب العطل التقني"
120,"عاجل | الجمعية العامة للأمم المتحدة تعتمد قرارا يطلب فتوى محكمة العدل عن انتهاك إسرائيل حق الفلسطينيين بتقرير المصير"
121,"عاجل | أكسيوس عن البيت الأبيض: نتطلع إلى العمل مع إسرائيل لتعزيز المصالح والقيم التي كانت في صميم علاقتنا لعقود"
122,"عاجل | زيلنسكي: الروس يضغطون بكل إمكانياتهم ومواردهم لتحقيق بعض التقدم في جبهة دونباس"
123,"عاجل | المتحدثة باسم قيادة العمليات الجنوبية بالجيش الأوكراني للجزيرة: نتوقع أي عمل عدواني من بيلاروسيا ومستعدون لذلك"
124,"عاجل | منتخب #المغرب يتأهل لدور الثمانية في كأس العالم #قطر ٢٠٢٢ كأول منتخب عربي يبلغ هذا الدور"
125,"عاجل | رئيس هيئة الأركان الإيرانية: ردنا على أي هجوم عسكري علينا سيشمل المعتدي والبلد الذي انطلق منه الاعتداء"
126,"عاجل | بيونغ يانغ: من حقنا اتخاذ تدابير عسكرية حاسمة لحماية حقوقنا وسنظهر بالأفعال خطورة الخيارات اليابانية الأخيرة"
127,"عاجل | مصادر للجزيرة: بولندا تعطل حزمة العقوبات الأوروبية التاسعة على روسيا بسبب خلاف على أسماء تشملها العقوبات"
128,"عاجل | منظمة مراسلون بلا حدود: ندعو المدعي العام للمحكمة الجنائية إلى التحرك وفتح تحقيق بشأن اغتيال شيرين"
129,"عاجل | البيت الأبيض: الوثائق السرية التي عثر عليها في منزل الرئيس بايدن وضعت في مكان غير مناسب بشكل غير مقصود"
130,"عاجل | مدير الوكالة الدولية للطاقة الذرية: نحرز تقدما في جهود إنشاء منطقة آمنة حول محطة زابوروجيا للطاقة النووية"
131,"عاجل | الخارجية الأمريكية: إذا كانت روسيا جادة بشأن السلام وإنهاء الحرب فعليها سحب قواتها من الأراضي الأوكرانية"
132,"عاجل | مراسل #الجزيرة: سلطات الاحتلال الإسرائيلي ترحل الأسير صلاح الحموري إلى فرنسا بعد إلغاء إقامته في القدس"
133,"عاجل | بوتين: روسيا وبيلاروسيا ستواصلان إجراء التدريبات العسكرية المشتركة"
134,"عاجل | الأمين العام للنيتو: النظام الروسي يريد أوروبا مختلفة والتحكم في جيرانه ويرى في الديمقراطية خطرا عليه"
135,"عاجل | بيان أمريكي فرنسي مشترك: بايدن وماكرون يؤكدان أهمية وجود دفاع أوروبي قوي وأكثر فعالية"
136,"عاجل | أ.ف.ب عن متحدث باسم الخارجية الأمريكية: نحض بوتين على إنهاء الحرب في أوكرانيا في خطوة تالية للاعتراف بالواقع"
137,"عاجل | مديرة الاستخبارات الوطنية الأمريكية: سعي روسيا للحصول على ذخائر دقيقة من #إيران أمر مقلق للغاية"
138,"عاجل | البرهان للجزيرة: المجموعات التي ترفض الاتفاق الإطاري قد يكون لديها أجندة خارجية"
139,"عاجل | وزير الدفاع الأمريكي: على الكونغرس التصديق على تمويل الوزارة لسنة كاملة قبل نهاية 2022 لتتمكن من تنفيذ برامجها"
140,"عاجل | رئيس الفيفا: سعيد للغاية بالمستوى الرائع الذي وصلت إليه كرة القدم الإفريقية في مونديال #قطر"
141,"عاجل | مصدر أمني للجزيرة: اشتباك يدور بين مسلحين والقوات الأفغانية مع بدء تمشيط للمبنى المطل على سفارة باكستان بكابل"
142,"عاجل | الدفاع التركية: مقتل عسكريين اثنين في منطقة عمليات المخلب القفل شمالي #العراق وجرح ثلاثة آخرين"
143,"عاجل | حركة الجهاد الإسلامي وذراعها المسلح ""سرايا القدس"" تنعيان شهيدي جنين وتقولان إنهما من أبرز قادتهما الميدانيين"
144,"عاجل | الرئاسة الأوكرانية: الرئيس زيلنسكي اقترح خلال اتصاله الهاتفي مع الرئيس الأمريكي تنظيم قمة سلام عالمية"
145,"عاجل | زيلنسكي: دعمكم بالغ الأهمية ليس فقط للتقدم على ساحة المعركة وإنما للوصول إلى نقطة التحول لتحقيق النصر"
146,"عاجل | البيت الأبيض: بايدن رحب في اتصال مع نظيره الأوكراني  بانفتاح زيلنسكي على سلام قائم على مبادىء الأمم المتحدة"
147,"عاجل | الرئيس الروسي: من المهم العمل المشترك في مجال تطوير التقنية العالية"
148,"عاجل | إيلون ماسك: سأستقيل من رئاسة تويتر عندما أجد شخصا ""أحمقا"" لتولي المنصب وسأكتفي بعضوية فريق المنصة"
149,"عاجل | وزير الدفاع التركي: يمكن تقديم مساهمات جادة لإحلال السلام في #سوريا والمنطقة عبر الجهود التي ستبذل قريبا"
150,"عاجل | مسؤول حكومي للجزيرة: 11 قتيلا وعشرات الجرحى في انفجار صهريج غاز داخل نفق شمالي العاصمة الأفغانية كابل"
151,"عاجل | مصادر للجزيرة: وزراء الطاقة في الاتحاد الأوروبي يناقشون اليوم مقترحا جديدا لتحديد سقف أسعار الغاز"
152,"عاجل | رئيسة صندوق النقد الدولي في مقابلة مع سي بي إس: زيادة إصابات كوفيد في الصين نبأ مقلق للاقتصاد العالمي"
153,"عاجل | رويترز عن مسؤولين أوروبيين: ألمانيا صوتت لصالح وضع سقف لأسعار الغاز"
154,"عاجل | رويترز عن المرشد الإيراني: أفراد قوات الباسيج المتطوعون ضحوا بأنفسهم لإنقاذ الشعب من مثيري الشغب"
155,"عاجل | القوات الجوية الروسية: نجاح اختبار منظومة دفاعية جديدة مضادة للصواريخ والأهداف الجوية بحقل في كازاخستان"
156,"عاجل | حاكم دنيبروبتروفسك: الجيش الروسي يطلق صاروخين على منشأة للنقل في كريفي ريه ويلحق دمارا هائلا"
157,"عاجل | وزير الخارجية التركي: تركيا تأثرت كثيرا بما يحدث في #سوريا وعلينا مواجهة الإرهاب"
158,"عاجل | الحرس الثوري الإيراني يعلن مقتل أحد أفراد قوات التعبئة ""البسيج"" في احتجاجات بمدينة سميرم في أصفهان وسط البلاد"
159,"عاجل | وزير الخارجية البريطاني: السلطات الصينية سحبت بناء على طلبنا 6 من مسؤولي قنصليتها في مانشستر"
160,"عاجل | الأمين العام للنيتو: روسيا تريد تهديد وحدة أمن أوروبا وهذا لن يحدث"
161,"عاجل | مجلس الأمن البيلاروسي: الوضع ليس هادئا على حدودنا الجنوبية ومستعدون لأي أعمال استفزازية من جانب أوكرانيا"
162,"عاجل | بايدن: فوجئت بأن تسجيلات حكومية أخذت إلى مكتبي السابق ونتعاون مع التحقيق وأتمنى أن ينتهي سريعا"
163,"عاجل | بيان النيتو والاتحاد الأوروبي: سنعزز التعاون بمجالات الأمن بأوروبا ونكرس الإمكانات لتحقيق الأهداف المشتركة"
164,"عاجل | المدعي العام الإيراني: البرلمان والمجلس الأعلى للثورة يبحثان مسألة الحجاب وسيعلنان النتائج خلال أسبوعين"
165,"عاجل | العاهل الأردني: لن نقبل التطاول أو الاعتداء على أفراد أجهزتنا الأمنية الساهرين على أمن الوطن والمواطن"
166,"عاجل | الرئيس الصيني: نحرص على تضافر الجهود مع دول مجلس التعاون الخليجي وبناء معادلة جديدة في مجال الطاقة"
167,"عاجل | رويترز: قوات #سوريا الديمقراطية تعلن تعليق التنسيق والعمليات المشتركة مع التحالف الدولي بعد القصف التركي"
168,"عاجل | أردوغان: سنمضي في طريقنا لإنشاء منطقة عازلة على طول الحدود مع #سوريا"
169,"عاجل | وزيرة الطاقة الأمريكية: حققنا إنجازا علميا بميدان الاندماج النووي يمهد للتقدم في مجالي الدفاع والطاقة النظيفة"
170,"عاجل | وزير الخارجية الإيراني: ناقشت مع وزيرة خارجية فرنسا تعديل مواقف باريس تجاهنا واتفقنا أن الدبلوماسية هي الأفضل"
171,"عاجل | المدعي العام الايراني: البرلمان والمجلس الأعلى للثورة يبحثان مسألة الحجاب وسيعلنان النتائج خلال أسبوعين"
172,"عاجل | الخارجية الأمريكية: واشنطن والاتحاد الأوروبي يدعوان جميع الأطراف لضبط النفس وخفض التصعيد شمالي كوسوفو"
173,"عاجل | رئيس الوكالة الدولية للطاقة: يبدو أننا خرجنا من أزمة الطاقة هذا الشتاء ومخزوننا مرتفع جدا لكن الأزمة مستمرة"
174,"عاجل | وزارة الدفاع الروسية: قواتنا سيطرت بشكل كامل على مدينة سوليدار الليلة الماضية"
175,"عاجل | وزير الخارجية السعودي: الشراكة الاستراتيجية #السعودية الصينية مهمة للغاية"
176,"عاجل | الأمين العام للنيتو: الحلف سيواصل دعم أوكرانيا ومدها بأنظمة دفاعية جوية إضافية"
177,"عاجل | الخارجية الأمريكية: نعارض أي عمل عسكري تركي في #سوريا من شأنه زعزعة الاستقرار وتقويض جهود محاربة تنظيم الدولة"
178,"عاجل | الخارجية الأردنية: استدعاء السفير الإسرائيلي للاحتجاج  على اقتحام وزير الأمن القومي الإسرائيلي المسجد الأقصى"
179,"عاجل | البرهان للجزيرة: انتظرنا عاما كاملا من أجل توافق القوى السياسية في #السودان ولم يحدث ذلك"
180,"عاجل | الدفاع الروسية: إسقاط 15 مسيرة أوكرانية خلال يوم واحد في دونيتسك ولوغانسك وزابوروجيا وخيرسون"
181,"عاجل | البيت الأبيض: لا دليل على أن تعطل نظام إشعارات الطيران سببه هجوم إلكتروني"
182,"عاجل | الرئيس الأوكراني: المدفعية التي نمتلكها ليست كافية لقواتنا التي تدافع عن مدينة باخموت"
183,"عاجل | بوتين: ما يحدث الآن مأساة للشعبين الروسي والأوكراني ليس بسبب روسيا وإنما بسبب سياسة الدول الأخرى"
184,"عاجل | مديرة صندوق النقد الدولي: هذه السنة ستكون أصعب من سابقتها لمعظم اقتصادات العالم"
185,"عاجل | حركة حماس: لن نسمح للاحتلال بتغيير المعادلات وسنواصل الدفاع عن أبناء شعبنا في كل أماكن وجوده"
186,"عاجل | البيت الأبيض: نعتقد أنه سيكون من الصعب على الصين احتواء كورونا من خلال استراتيجية ""صفر كوفيد"""
187,"عاجل | البرهان للجزيرة: لن نقف مع من يعمل على تدمير البلاد ونقف على مسافة واحدة مع من يخدم #السودان"
188,"عاجل | الخارجية الإيرانية: واشنطن والدول الغربية لها دور في أعمال الشغب في #إيران ولدينا معلومات دقيقة بشأن ذلك"
189,"عاجل | الخارجية الإيرانية: مستعدون لإنهاء المفاوضات النووية شريطة مراعاة خطوطنا الحمر واستعدادنا لذلك لن يبقى للأبد"
190,"عاجل | متحدث باسم القيادة الوسطى الأمريكية للجزيرة:  قوات #سوريا الديمقراطية تواصل تنفيذ الدوريات وحفظ الأمن"
191,"عاجل | رويترز عن وكالة يونهاب: كوريا الشمالية أطلقت صاروخا باليستيا باتجاه البحر شرقي شبه #الجزيرة الكورية"
192,"عاجل | وزير الخارجية السعودي: السعودية منفتحة على التعاون مع الجميع والتعاون مع الصين ضروري لتطوير نمونا و رفاهيتنا"
193,"عاجل | الخارجية الأوكرانية: إرسال طرود دموية لسفاراتنا وقنصلياتنا بدول بينها المجر وهولندا وبولندا وكرواتيا وإيطاليا"
194,"عاجل | رويترز: الولايات المتحدة ترحب بالاتفاق الإطاري للانتقال السياسي في #السودان"
195,"عاجل | المندوبة الأمريكية بمجلس الأمن: قلقون من احتمال زعزعة استقرار المنطقة جراء التصعيد في شمال #سوريا"
196,"عاجل | بوتين: العلاقات بين روسيا والصين مستمرة في التطور رغم عدم استقرار الوضع الدولي"
197,"عاجل | لينا أبو عاقلة: أدلة كثيرة قدمها شهود العيان والمنظمات الدولية تؤكد اغتيال الجيش الإسرائيلي شيرين أبو عاقلة"
198,"عاجل | رويترز عن قائد عسكري أمريكي رفيع: تشجيع دول مثل كوريا الشمالية على إيجاد مشكلات لنا هو استراتيجية صينية"
199,"عاجل | سلطة الطيران في نيبال: انتشال 40 جثة من حطام طائرة الركاب المنكوبة في مدينة بوكارا"
200,"عاجل | وزير الدفاع الأمريكي: أوروبا تواجه أسوأ أزمة أمنية منذ نهاية الحرب العالمية الثانية بسبب طموحات الكرملين"
201,"عاجل | شركة جت بلو للطيران: نعمل على استئناف العمليات العادية بشكل آمن ولكن التأخير قد يستمر لبعض العملاء"
202,"عاجل | وزير الدفاع التركي: واشنطن طلبت إعادة دراسة العملية العسكرية المحتملة شمالي #سوريا وطلبنا منها الوفاء بتعهداتها"
203,"عاجل | مراسل #الجزيرة: إطلاق كثيف للمضادات وسط العاصمة كييف"
204,"عاجل | بوليتيكو: الدبلوماسيون الأمريكيون ناقشوا مع الأوروبيين تزويد أوكرانيا بأنظمة باتريوت والتداعيات المحتملة لذلك"
205,"عاجل | نقابة الصحفيين التونسيين: نحذر هيئة الانتخابات من مواصلتها نهج تهديد الصحفيين ووسائل الإعلام"
206,"عاجل | مراسل #الجزيرة: إعلان حالة التأهب الجوي في عموم مقاطعات الجنوب الأوكرانية وتحذيرات من هجوم روسي واسع"
207,"عاجل | لافروف: المحرك الرئيسي للنزاع في أوكرانيا هي واشنطن التي تسعى لتحقيق أكبر قدر من المكاسب"
208,"عاجل | رويترز عن مدير ميناء سيفاستوبول في القرم المعين من قبل روسيا: الدفاعات الجوية أسقطت طائرة مسيرة"
209,"عاجل | وزير خارجية السويد: نحن في مسار ثابت للوفاء بجميع شروط #تركيا"
210,"عاجل | بوليتيكو عن مسؤول في البنتاغون: الولايات المتحدة لا تخطط لإرسال دبابات من طراز أبرامز إلى أوكرانيا"
211,"عاجل | الاتفاق السياسي الإطاري بالسودان: دمج قوات الدعم السريع في القوات المسلحة وفقا للجدول الزمني المحدد"
212,"عاجل | وزارة الدفاع الروسية: استهداف 3 مستودعات صواريخ وذخيرة للقوات الأوكرانية في منطقة زابوروجيا"
213,"عاجل | رويترز عن الكرملين: قصف دنيبرو جاء نتيجة لصواريخ الدفاع الجوي التي أطلقتها أوكرانيا"
214,"عاجل | الجيش الأوكراني: صفقة تبادل جديدة مع الجانب الروسي تم بموجبها الإفراج عن 50 جنديا أوكرانيا"
215,"عاجل/ عضو جبهة الخلاص الوطني في تونس رضا بلحاج: أعلمني رئيس فرع المحامين بإحالتي وأحمد نجيب الشابي على التحقيق"
216,"عاجل | المندوب الروسي إلى فيينا: الحديث عن خطة بديلة بشأن الملف النووي الإيراني قد يؤدي إلى تطورات سلبية للغاية"
217,"عاجل | مراسلة #الجزيرة: وزير الأمن القومي الإسرائيلي إيتمار بن غفير يقتحم باحات المسجد الأقصى"
218,"عاجل | الأمين العام للنيتو: إذا لم تنتصر أوكرانيا في الحرب كدولة ذات سيادة فإن عضويتها بالنيتو لن يكون لها معنى"
219,"عاجل | الرئاسة الأوكرانية: قرار كندا بشراء بطارية NASAMS لبلادنا سيساهم في تعزيز الأمن الأوروبي"
220,"عاجل | سانا على تويتر: دفاعاتنا الجوية تتصدى لصواريخ العدوان الإسرائيلي في محيط #دمشق"
221,"عاجل | البيت الأبيض: الرئيس بايدن يعلن ولاية ألاباما منطقة كوارث كبرى بعد موجة فيضانات"
222,"عاجل | الخارجية الأمريكية: نشعر بخيبة أمل من المبادرة الفلسطينية لطلب رأي استشاري من محكمة العدل الدولية ضد إسرائيل"
223,"عاجل | وزير الخارجية الباكستاني للجزيرة: اللقاء بين الرئيس الصيني ونظيره الأمريكي أعطى أملا للناس"
224,"عاجل | مصدر بالمجلس الأعلى للدولة في #ليبيا للجزيرة: المجلس قرر العمل على إنجاز قاعدة دستورية تؤدي لانتخابات عامة"
225,"عاجل | أ.ب عن مسؤولين ألمان: توقعات بالقبض على المزيد من المتورطين في مخطط إسقاط الحكومة"
226,"عاجل | السلطات الأوكرانية في أوديسا: قواتنا تسقط صاروخين روسيين استهدفا المقاطعة من شبه جزيرة القرم"
227,"عاجل | الأمين العام المساعد للاتحاد التونسي للشغل: نحذر من انتفاضة شعب أفقرته السياسات اللاوطنية للحكومات المتعاقبة"
228,"عاجل | سلطات زابوروجيا الموالية لروسيا: قصف أوكراني يستهدف  المنطقة الصناعية التابعة للمحطة النووية"
229,"عاجل | الشرطة الألمانية: نحن على تواصل مع محتجز الرهائن في مدينة دريسدن"
230,"عاجل | بلومبيرغ عن المبعوث الأمريكي الخاص بإيران: إدارة بايدن ستركز الآن على الاحتجاجات بإيران ومدها روسيا بالسلاح"
231,"عاجل | السفارة الأمريكية في #ليبيا: نؤيد بشدة دعوات الأمم المتحدة  إلى توافق وطني بشأن وضع جدول زمني واضح للانتخابات"
232,"عاجل | الخارجية الإيرانية: كرة الاتفاق النووي في ملعب الغرب وتبادل الرسائل مع الطرف الآخر متواصل"
233,"عاجل | الكرملين: لا توجد اتصالات بين روسيا والولايات المتحدة بشأن إمكانية عقد لقاء بين بوتين وبايدن"
234,"عاجل | نائبة وزير الدفاع الأوكراني: الجيش الروسي يواصل القتال رغم الخسائر الضخمة التي مني بها في سوليدار"
235,"عاجل | أ.ب عن رئيس هيئة الأركان الأمريكية المشتركة: التدريب القتالي الجديد والموسع للقوات الأوكرانية بدأ في ألمانيا"
236,"عاجل | مستشار الرئيس الأوكراني: مد أوكرانيا بالسلاح سيعجل بقدوم السلام ومستعدون لطرد روسيا من كل مكان"
237,"عاجل | رويترز: الجيش الصيني يقول إن ممارسات الجيش الأميركي تنتهك سيادة الصين وأمنها بشكل خطير"
238,"عاجل | أنصار الرئيس البرازيلي السابق جايير بولسونارو يقتحمون البرلمان والقصر الرئاسي وساحة المحكمة الفيدرالية العليا"
239,"عاجل | لابيد: نتنياهو يفكك أسس الديمقراطية عبر سعيه لتحديد المدعي العام والقضاة في محاكمته بقضايا فساد"
240,"عاجل | الناطق باسم الرئاسة التركية: العملية العسكرية قد تبدأ في أي وقت وذلك يعتمد على تقييم المراجع المعنية في #تركيا"
241,"عاجل | بوريل: أبلغت وزير الخارجية الإيراني بموقف الاتحاد الأوروبي المطالب بوقف الدعم العسكري الإيراني لروسيا"
242,"عاجل | الأمين العام للاتحاد التونسي للشغل: كان على رئيس البلاد التقاط رسالة الشعب من خلال نسب العزوف"
243,"عاجل | المستشار الألماني: ألمانيا وفرنسا وقعتا إعلانا مشتركا لتقوية التضامن في مجال الطاقة"
244,"عاجل | مراسلة #الجزيرة: وزير الأمن القومي الإسرائيلي ومجموعة من المستوطنين يقتحمون باحات المسجد الأقصى"
245,"عاجل | وزير الدفاع الروسي: روسيا تصنف هجمات القوات الأوكرانية على محطة زابوروجيا النووية إرهابا نوويا"
246,"عاجل | الاستخبارات العسكرية الألمانية: من بين المشتبه فيهم جندي نشط في القوات الخاصة للجيش وعدد  من جنود الاحتياط"
247,"عاجل | إدارة الطيران الفدرالية الأمريكية: إحراز تقدم في استعادة نظام الإشعارات بعد انقطاع الخدمة"
248,"عاجل | البنتاغون: الوزير أوستن أكد أن الدفاع الجوي يمثل أولوية في إطار المساعدات العسكرية الأمريكية لأوكرانيا"
249,"عاجل | مساعد وزير الخارجية الأمريكي لشؤون الأمن الدولي: الصين تحاول إعادة تشكيل النظام الدولي لمصلحتها"
250,"عاجل | متحدث باسم القوات الجوية الأوكرانية: يخطئ الروس إذا اعتقدوا أن الحرب لن تمسهم في العمق"
251,"عاجل | رئيس مجلس السيادة في #السودان: نؤكد التزامنا المعلن بخروج المؤسسة العسكرية نهائياً من العملية السياسية"
252,"عاجل | الخارجية الأمريكية: بلينكن أكد لنظيره الإسرائيلي التزام واشنطن بحل الدولتين ومعارضتها للسياسات التي تقوضه"
253,"عاجل | وزير الخارجية السعودي: إذا حصلت #إيران على سلاح نووي فدول الخليج ستسعى إلى ضمان أمنها"
254,"عاجل | الداخلية الإسبانية: ليس هناك أسباب كافية حتى الآن لرفع مستوى التهديد الإرهابي"
255,"عاجل | الخارجية الأوكرانية: انفجار عبوة ناسفة مخبأة في مظروف داخل سفارة أوكرانيا في مدريد أسفر عن جرح موظف"
256,"عاجل | رئيس جبهة الخلاص في #تونس: اعتقال العريض سببه الخيبة التي أصابت رئيس الجمهورية بعد نتائج الانتخابات البرلمانية"
257,"عاجل | وزير العدل اللبناني: المساعدة القضائية إذا تمت وفق القواعد والأصول لا تشكل تعديا على السيادة اللبنانية"
258,"عاجل | بلينكن: الدبلوماسية هي الطريق الوحيد لإنهاء الحرب في أوكرانيا وما لم يوقف بوتين عدوانه سنستمر بدعم كييف"
259,"عاجل | لافروف: واشنطن أوضحت لنا أنها لا تعتزم إرسال خبراء أمريكيين لأوكرانيا لإدارة منظومة باتريوت"
260,"عاجل | بيان قمة الدول السبع: سنواصل تنسيق جهودنا لتلبية احتياجات أوكرانيا الملحة من حيث المعدات العسكرية والدفاعية"
261,"عاجل | السفيرة البريطانية في كييف: الهجوم الروسي على أوكرانيا اليوم يؤكد أن موسكو تريد إخضاع كييف وليس السلام"
262,"عاجل | أوستن: قلقون للغاية من استفزازات كوريا الشمالية تجاه اليابان وجيرانها وندين حرب روسيا غير المبررة على أوكرانيا"
263,"عاجل | وزراء خارجية 12دولة والاتحاد الأوروبي: ندعو طالبان للتراجع فورا عن قرار منع النساء من العمل بالمنظمات الإغاثية"
264,"عاجل | رويترز عن مصدر مطلع: قرار أوبك+ عقد اجتماع افتراضي في 4 ديسمبر يشير لعدم وجود احتمال يذكر بتغيير السياسة"
265,"عاجل | وزير الدفاع الأمريكي: تصرفات الصين الخطيرة في منطقة المحيطين الهندي والهادىء تهدد الأمن والاستقرار في المنطقة"
266,"عاجل | الرئيس الإيراني: التهديدات لن تؤثر في عزمنا على التقدم والعقوبات والضغوط لا أثر لها"
267,"عاجل | نائب وزير الخارجية الروسي: على الغرب الاستعداد للرد الروسي على فرضه حدا أعلى لسعر النفط"
268,"عاجل | وسائل إعلام روسية: بوتين يزور جسر القرم لأول مرة منذ استهدافه بتفجير في أكتوبر الماضي"
269,"عاجل | الكرملين: منظومات باتريوت وأي أسلحة أخرى مقدمة لأوكرانيا ستكون هدفا مشروعا للقوات الروسية"
270,"عاجل | كيربي للجزيرة: المفاوضات النووية مع #إيران ليست على الأجندة ونركز على كيفية تعامل النظام الإيراني مع شعبه"
271,"عاجل | لافروف: سنشهد قريبا تراجعا كبيرا في قدرة الغرب على قيادة العالم"
272,"عاجل | جبهة الخلاص الوطني في #تونس: مسؤولية إسقاط الانقلاب مسؤولية مجتمعية ولكنها بحاجة لقيادة واضحة"
273,"عاجل | أوستين: ندعم بشدة سياسات الأمن اليابانية المحدثة بما فيها زيادة الإنفاق الدفاعي وقدرات توجيه ضربات مضادة"
274,"عاجل | وزير الدفاع الروسي: علاقتنا مع الحلفاء في بيلاروسيا تكتسب أهمية خاصة في مواجهة ضغوط الغرب غير المسبوقة"
275,"عاجل | وزراء مالية الدول السبع: مستعدون لتقديم المزيد من أجل دعم اقتصاد أوكرانيا ونشجع المانحين على تعزيز مساعداتهم"
276,"عاجل | وزارة الدفاع الروسية: عودة 50 عسكريا روسيا إلى موسكو كانوا أسرى لدى القوات الأوكرانية"
277,"عاجل | القرار يطلب رأي محكمة العدل الدولية في تأثير سياسات إسرائيل وممارساتها على الوضع القانوني للاحتلال"
278,"عاجل | الخارجية البريطانية: وقف جميع وردات الغاز الطبيعي المسال من روسيا اعتبارا من اليوم"
279,"عاجل | بوريل: إنفاق أورويا الدفاعي ارتفع إلى ٢١٤ مليار يورو العام الماضي لكننا ما زلنا بعيدين عن معيار النيتو"
280,"عاجل | رئاسة الاتحاد الأوروبي: القصف الروسي لمدينة دنيبرو جريمة حرب"
281,"عاجل | وزير العدل الألماني: المدعي العام يحقق في ضلوع شبكة إرهابية بالتخطيط لهجوم مسلح على مؤسسات دستورية"
282,"عاجل | وزير الخارجية الإيراني: بابنا مفتوح لإبرام اتفاق نووي لكنه لن يبقى كذلك إلى الأبد"
283,"عاجل | الفصائل الفلسطينية: ندعو السلطة الفلسطينية لوقف التنسيق الأمني مع الاحتلال"
284,"عاجل | الكنيست الإسرائيلي يصدق على منح الثقة للحكومة الجديدة برئاسة نتنياهو بأغلبية 63 صوتا"
285,"عاجل | الكرملين: محاولات مصادرة الأصول الروسية ستحمل عواقب على جميع البلدان التي ستحاول دعمها"
286,"عاجل | وكالة يونهاب الكورية الجنوبية: كوريا الشمالية تطلق صاروخا باليستيا باتجاه البحر الشرقي"
287,"عاجل | وزير الدفاع الروسي: النيتو والولايات المتحدة يقومان بزيادة الدعم العسكري لأوكرانيا"
288,"عاجل | شويغو: الغرب يسعى لاستمرار الأعمال القتالية في أوكرانيا بهدف إضعاف روسيا"
289,"عاجل | عميد المحامين التونسيين: قطاع المحاماة لن يبقى مكتوف الأيدي وسنناضل من أجل الحرية والديمقراطية"
290,"عاجل | مراسل #الجزيرة: مظاهرات مؤيدة للرئيس البرازيلي لولا دا سيلفا ورافضة لاقتحام مباني السلطة في العاصمة برازيليا"
291,"عاجل | البيت الأبيض: الرئيس بايدن أكد لنظيره البرازيلي دعمه الثابت له ودعاه إلى زيارة البيت الأبيض"
292,"عاجل | وزير الداخلية الأردني: جريمة قتل نائب مدير أمن معان لن تمر دون عقاب"
293,"عاجل | المستشار الألماني: الضغط الدولي أرغم روسيا على التراجع عن استخدام السلاح النووي"
294,"عاجل | غرينفيلد للجزيرة: الرئيس بايدن كان واضحا بأننا لن نقبل بإنتاج #إيران سلاحا نوويا"
295,"عاجل | وزارة الدفاع الروسية: القوات الأوكرانية قصفت مواقع الجيش الروسي في محور كراسني ليمان 11 مرة"
296,"عاجل | وزير الدفاع الأوكراني: لا نستبعد أن يكون سقوط صاروخ في بيلاروسيا استفزازا روسيا متعمدا"
297,"عاجل | منظمو مظاهرات باريس يطلبون من المتظاهرين في ساحة الجمهورية المغادرة ويعتبرون أن المواجهات الجارية لا تمثلهم"
298,"عاجل | رئيسة مجلس الاتحاد الروسي: لا نرى توفر أي شروط للدخول في مفاوضات قريبة مع أوكرانيا"
299,"عاجل | محامو الرئيس الأمريكي: تم العثور على وثائق سرية إضافية في بيت الرئيس بايدن في مدينة ويلمنغتون"
300,"عاجل | أردوغان: لن نحصل على إذن من أحد لمحاربة التنظيمات الإرهابية"
301,"عاجل | رويترز: إدخال الرئيس البرازيلي السابق بولسونارو إلى المستشفى في الولايات المتحدة بعد معاناته من آلام في البطن"
302,"عاجل | التلفزيون الايراني: جهاز الاستخبارات أوقف شبكة تجسس كانت تخطط لعمليات تخريبية ضد أنظمة الصناعات الدفاعية"
303,"عاجل | وزارة الصحة الفلسطينية: استشهاد فلسطيني برصاص الاحتلال الإسرائيلي خلال اقتحام قرية بيت أمر شمالي الخليل"
304,"عاجل | الرئيس البولندي: روسيا تؤدي دورا مدمرا في مولدوفا والبلقان"
305,"عاجل | مجلس النواب الأمريكي يعلق أعماله إلى منتصف الخميس لانتخاب رئيس جديد له بعد إخفاقه في ست جولات سابقة"
306,"عاجل | وزير الدفاع الروسي: القوات الأوكرانية تعرضت لخسائر كبيرة"
307,"عاجل | مصادر تركية للجزيرة: اجتماع موسكو بحث فتح الطرق الدولية والسماح للبضائع التركية بالمرور عبر الأراضي السورية"
308,"عاجل | الرئيس الصيني: ندعم الجانب العربي في إيجاد حلول للقضايا الشائكة في المنطقة"
309,"عاجل | د ب أ: الادعاء العام الألماني أصدر أوامر باعتقال 25 فردا يشتبه في انتمائهم إلى مجموعة ""مواطني الرايخ"""
310,"عاجل | الخارجية الإيرانية: لا نعير اهتماما لتهديدات الحكومة الإسرائيلية الجديدة وسنرد بشكل صارم وجاد على أي اعتداء"
311,"عاجل | مكتب رئيس وزراء بريطانيا: سنبدأ في تدريب القوات الأوكرانية على استخدام الدبابات والمدافع في الأيام المقبلة"
312,"عاجل | رويترز: تويتر يحذف من خاصية البحث روابط تشمل مواضيع من بينها حرية التعبير ومنع الانتحار وانتشار كوفيد والإيدز"
313,"عاجل | رويترز: الرئيس الصربي يقول إن الصرب في شمال كوسوفو سيشرعون في إزالة الحواجز من الطرق صباح اليوم"
314,"عاجل | سفير روسيا لدى واشنطن: تدريب الولايات المتحدة قوات أوكرانية على منظومة باتريوت يؤكد مشاركتها فعليا في النزاع"
315,"عاجل | وزير الخارجية الباكستاني للجزيرة: ورثنا من الحكومة السابقة بلدا منقسما واقتصادا منهارا"
316,"عاجل | وسائل إعلام فرنسية: المشتبه به سبق أن هاجم مركزا للاجئين والادعاء يبحث أي خلفيات عنصرية محتملة لإطلاق النار"
317,"عاجل | وزارة الدفاع الأوكرانية: الهجوم الروسي على وسط العاصمة كييف اليوم لم يستهدف أي مواقع عسكرية"
318,"عاجل | البيان الختامي للقمة الخليجية: نتطلع لأن تسهم القمتان في تعزيز التعاون والشراكة الاستراتيجية مع الصين"
319,"عاجل | الدفاع الروسية: تدمير مستودعين أوكرانيين للصواريخ وقذائف المدفعية في دونيتسك وزابوروجيا"
320,"عاجل | الرئيس الأمريكي: نقف ضد حرب روسيا الوحشية على أوكرانيا"
321,"عاجل | وزارة الدفاع الروسية: نفذنا ضربة انتقامية ردا على هجوم ماكييفكا أدت لمقتل 600 عسكري أوكراني في كراماتورسك"
322,"عاجل | البيت الأبيض: بايدن وجه وزارة النقل بإجراء تحقيق كامل في الأسباب وستوفر إدارة الطيران الفدرالية تحديثات منتظمة"
323,"عاجل | الخارجية الصينية: نحث واشنطن وطوكيو على التخلي عن عقلية الحرب الباردة والتوقف عن خلق أعداء وهميين"
324,"عاجل | وزارة الدفاع الروسية: قواتنا سيطرت على مدينة سوليدار"
325,"عاجل | إدارة الطيران الفدرالية الأمريكية: استئناف رحلات المغادرة من مطاري نيوارك وأتلانتا"
326,"عاجل | جون كيربي للجزيرة: بايدن سيبحث مع زيلنسكي الوضع في ساحات المعارك وما يمكن لواشنطن القيام به لمساعدة أوكرانيا"
327,"عاجل | سلطات دونيتسك الموالية لروسيا: تضرر مكتب اللجنة الدولية للصليب الأحمر في دونيتسك جراء قصف أوكراني"
328,"عاجل | مراسل #الجزيرة: قوات الاحتلال الإسرائيلي تقتحم البلدة القديمة بنابلس وسماع دوي انفجارات وإطلاق نار"
329,"عاجل | وكالة الأنباء الفلسطينية: شهيدان إثر اقتحام قوات الاحتلال الإسرائيلي مخيم جنين"
330,"عاجل | وزير الخارجية الإيراني: واشنطن تهدف إلى الضغط على #طهران من أجل تقديم تنازلات"
331,"عاجل | جوزيف بوريل: روسيا تدمر البنية التحتية المدنية في أوكرانيا وهي جريمة حرب وسنساعد في محاسبة مجرمي الحرب"
332,"عاجل | الناطق باسم قيادة الجيش الأوكراني للجزيرة: باخموت تتعرض لقصف مكثف بالصواريخ بعد إخراج القوات الروسية منها"
333,"عاجل | الأمين العام للنيتو: بوتين يفشل في أوكرانيا ويحاول استخدام فصل الشتاء سلاحا في حربه"
334,"عاجل | الخارجية الإيرانية: الرياض وطهران متفقتان على مواصلة المحادثات ويمكن عقد جولة جديدة في #بغداد"
335,"عاجل | وزيرة الخارجية الألمانية: نريد المشاركة في حوار وثيق مع لندن لتزويد الأوكرانيين بالأسلحة والإغاثة"
336,"عاجل | وزارة الصحة الفلسطينية: 3 إصابات برصاص الاحتلال الإسرائيلي خلال اقتحام البلدة القديمة في نابلس"
337,"عاجل | عضو جبهة الخلاص الوطني في #تونس عبد اللطيف المكي:  جيشنا وأمننا وقضاؤنا وشعبنا لن يرضخوا للاستبداد"
338,"عاجل | بلينكن: نعمل مع حلفائنا على تجديد البنى التحتية الأوكرانية وسنقف مع كييف مهما تطلب الأمر"
339,"عاجل | سوليفان: أسلوبنا الأساسي في التعامل مع التحدي الصيني هو المنافسة والاستثمار في مصادر قوتنا الوطنية"
340,"عاجل | رئيس الاتحاد الدولي لكرة القدم: 5 مليارات مشاهد حول العالم تابعوا مباريات كأس العالم في #قطر حتى الآن"
341,"عاجل | وزير الخارجية التركي: من الممكن بدء مباحثات سياسية استشارية مع #مصر على مستوى نائبي وزيري الخارجية"
342,"عاجل | وسائل إعلام أمريكية: فوز الديمقراطي رفائيل وارنوك في جولة الإعادة لانتخابات مجلس الشيوخ عن جورجيا"
343,"عاجل | البيان الختامي للقمة العربية الصينية: التأكيد على أن تايوان جزء لا يتجزأ من الأراضي الصينية ورفض استقلالها"
344,"عاجل | بوتين: سنزيد من القدرة الدفاعية للبلاد وسنواصل تنفيذ البرامج الاجتماعية واسعة النطاق"
345,"عاجل | مصادر رسمية تركية للجزيرة: أنقرة اشترطت انسحاب ""قوات #سوريا الديمقراطية"" من منبج وعين العرب وتل رفعت"
346,"عاجل | ممثل مفوضية الاتحاد الإفريقي بالسودان: على المجتمع الدولي دعم الحكومة الجديدة لمواجهة التحديات"
347,"عاجل | الخارجية الأمريكية: تركيا حليف مهم ونعمل لضمان أن تحصل على ما يلزمها من تكنولوجيا للدفاع عن نفسها"
348,"عاجل | السلطات الأوكرانية في خيرسون: مقتل 3 مدنيين وإصابة 14  في قصف روسي على المقاطعة"
349,"عاجل | أردوغان: لسنا مضطرين لتحمل رياء القوى الداعمة للتنظيمات الإرهابية من خلال تغيير أسماء التنظيمات لتبرير دعمها"
350,"عاجل | وكالة يونهاب للأنباء: كوريا الجنوبية ترد بالمثل على كوريا الشمالية وترسل مسيرات إلى بيونغ يانغ"
351,"عاجل | شركة غاز بروم: روسيا وتركيا بدأتا بالفعل تنفيذ مشروع إنشاء مركز لتوزيع الغاز في #تركيا"
352,"عاجل | البنتاغون: استأنفنا الدوريات المشتركة مع قوات #سوريا الديمقراطية في شمال #سوريا منذ يوم الجمعة الماضي"
353,"عاجل | رئيس وزراء بريطانيا: اتفاق الشراكة بين لندن وواشنطن في مجال الطاقة يهدف لتقليل الاعتماد على الإمدادات الروسية"
354,"عاجل | الاتفاق السياسي الإطاري في #السودان: إطلاق عملية شاملة تحقق العدالة الانتقالية"
355,"عاجل | أ ف ب عن السفارة الروسية في برلين: لا علاقة لنا مع أي مجموعات إرهابية وغير قانونية في ألمانيا"
356,"عاجل | مندوب روسيا في مجلس الأمن الدولي: مستعدون للتفاوض لإزالة الأسباب الجذرية لعمليتنا العسكرية الخاصة في أوكرانيا"
357,"عاجل | الكرملين: بوتين أكد لأردوغان ضرورة إزالة العوائق أمام تصدير منتجات روسيا الزراعية والأسمدة ضمن اتفاق الحبوب"
358,"عاجل | بلينكن: ممتن لفريق الخارجية ولزملائنا في جميع أجهزة الحكومة الذين عملوا بلا كلل لتأمين إطلاق سراح بريتني"
359,"عاجل | مراسل #الجزيرة: إعلان حالة التأهب الجوي في العاصمة كييف وعموم أوكرانيا"
360,"عاجل | الرئيس البيلاروسي: نلحظ استعداد الدول المجاورة لعدوان محتمل على بيلاروسيا"
361,"عاجل | رويترز: الاتفاقية الدفاعية المزمع توقيعها بين بريطانيا واليابان تسمح للبلدين بنشر قوات على أراضي كل منهما"
362,"عاجل | نائب المندوبة الأمريكية بمجلس الأمن: نتوقع أن تتابع حكومة إسرائيل التزامها بالحفاظ على الوضع الراهن في القدس"
363,"عاجل | رويترز عن عضو بمجلس إدارة منطقة زابوروجيا الموالي لروسيا: سيرغي كيرينكو كبير مساعدي بوتين يزور المحطة النووية"
364,"عاجل | عضو لجنة التحقيق باقتحام الكونغرس آدم شيف: نعتقد أن هناك أدلة كافية في تقرير اللجنة لتوجيه الاتهام إلى ترمب"
365,"عاجل | الرئيس التركي: لدينا حق مشروع ولا أحد بإمكانه أن يقف أمام ممارستنا حقنا"
366,"عاجل | بوتين: أطلب من وزارة الدفاع تحليل تجربة وتكتيك النيتو وإدخالها في برنامج إعداد القوات وتسليح الجيش"
367,"عاجل | وزير الداخلية الأردني: جريمة مقتل نائب مدير أمن معان لن تمر دون عقاب"
368,"عاجل | نتنياهو: سنعمل على منع إيصال الأسلحة من #إيران إلى #سوريا"
369,"عاجل | الكرملين: الولايات المتحدة تواصل القتال الفعلي وغير المباشر مع روسيا حتى آخر أوكراني"
370,"عاجل | وزير الدفاع الأمريكي: روسيا لم تتعرض لأي تهديد والحرب التي تشنها ليست نتيجة لتوسع النيتو بل هي سبب توسع الحلف"
371,"عاجل | رئيس الإدارة العسكرية في كييف: هجوم روسي مكثف يستهدف أوكرانيا واستمرار الإنذار الجوي في العاصمة"
372,"عاجل | السلطات الأوكرانية بمقاطعة خيرسون: مقتل شخصين وإصابة آخرين في قصف روسي على المقاطعة"
373,"عاجل | الأناضول: وزير الدفاع التركي أبلغ نظيره الأمريكي أن إلحاق الأذى بقوات التحالف أو المدنيين أمر غير وارد نهائيا"
374,"عاجل | نائب رئيس الوزراء الروسي: فرض سقف لأسعار النفط الروسي محفوف بالمخاطر بما في ذلك نقص في العرض"
375,"عاجل | البيت الأبيض: الأسلحة التي نرسلها إلى أوكرانيا تصلها بسرعة فائقة"
376,"عاجل | بيانات ملاحية لمواقع رصد حركة الطيران: إجمالي عدد الرحلات التي ألغيت داخل أمريكا وخارجها بلغ 127 رحلة"
377,"عاجل | مراسل #الجزيرة: قصف على وسط العاصمة الأوكرانية كييف"
378,"عاجل | خفر السواحل الياباني: سقوط صاروخ يعتقد أنه كوري شمالي في مياهنا الإقليمية"
379,"عاجل | أردوغان: هناك من أرادوا الاستفادة من القطيعة في فترة ما مع دول الخليج لكن خططهم فشلت عندما أزلنا هذه القطيعة"
380,"عاجل | مبعوث الكرملين إلى #سوريا: موسكو تعمل على عقد لقاء رئاسي بين #تركيا وسوريا في روسيا"
381,"عاجل | وزير الخارجية الإيراني: ناقشت مع بوريل جميع جوانب اتفاق فيينا بشكل صريح وبناء"
382,"عاجل | وكالة الصحافة الفرنسية: أنصار رئيس بيرو بيدرو كاستيلو يتظاهرون أمام البرلمان بعد التصويت على عزله"
383,"عاجل | مراسل #الجزيرة: الإعلان عن حكومة جديدة في البيرو بعد عزل الرئيس السابق بتهمة محاولة الانقلاب على الدستور"
384,"عاجل | نائب رئيس الوزراء الروسي: ندرس مع الصين تسوية المدفوعات دون استخدام نظام سويفت عبر فتح حسابات مصرفية متبادلة"
385,"عاجل | ولي العهد السعودي: نذكر بأهمية حل القضية الفلسطينية وفقا لمبدأ حل الدولتين"
386,"عاجل | بوتين: العقوبات على روسيا أدت إلى أرقام قياسية للتضخم في الدول الأوروبية"
387,"عاجل | مراسلة #الجزيرة: صافرات الإنذار تدوي في العاصمة الأوكرانية كييف"
388,"عاجل | حاكم خاركيف الأوكرانية: قصف روسي بالصواريخ على المدينة شرقي البلاد"
389,"عاجل | البيت الأبيض: من الواضح أن الحرب في أوكرانيا دخلت مرحلة جديدة مع دخول الشتاء وتصعيد روسيا هجماتها"
390,"عاجل | المحكمة العليا في البرازيل توافق على إدراج الرئيس السابق بولسونارو في التحقيق في اقتحام مقار السلطات الثلاث"
391,"عاجل | الدفاع الروسية: إحباط محاولة هجوم للقوات الأوكرانية على محور جنوب دونيتسك وتصفية ما يصل إلى 40 جنديا أوكرانيا"
392,"عاجل | وزير الداخلية الأردني: سنتخذ إجراءات أمنية مشددة ونعزز القوات الأمنية في المناطق التي تشهد اضطرابات"
393,"عاجل | وزيرة خارجية ألمانيا: كلما أسرع بوتين في إدراك أن حربه العدوانية ستفشل كلما تسارع الأمل في إنهاء الحرب"
394,"عاجل | الأمين العام للنيتو: سنستمر ونصعد ونضمن حصول أوكرانيا على الأسلحة والذخيرة طالما تطلب الأمر"
395,"عاجل | الرئيس التركي: نريد تنفيذ خطوات بشكل ثلاثي بين كل من #تركيا وروسيا وسوريا"
396,"عاجل | زعيم دونيتسك الموالي لروسيا: تحرير سوليدار يفتح الطريق لتحرير أراضينا بشكل كامل"
397,"عاجل | مندوب فلسطين في الأمم المتحدة: التاريخ يؤكد أن إصرار إسرائيل على هذا الطريق لا يؤدي للاستسلام بل للانتفاضة"
398,"عاجل | وزيرة الخارجية الفرنسية: وعود بتقديم أكثر من مليار يورو خلال مؤتمر باريس بشأن أوكرانيا"
399,"عاجل | مستشار بوزارة الدفاع الأوكرانية للجزيرة: 70 % من معدات الجيش الأوكراني في الحرب الحالية هي صناعة محلية"
400,"عاجل | وسائل إعلام فرنسية: إصابة عدة أشخاص في عملية طعن بمحطة غارد دي نورد في باريس"
401,"عاجل | البنتاغون: قلصنا عدد دورياتنا مع قوات #سوريا الديمقراطية شمالي #سوريا ونركز على القضاء على تنظيم الدولة"
402,"عاجل | رئيس هيئة الأركان الإيرانية: ما يتم ترويجه بشأن استعمال المسيرات الإيرانية في أوكرانيا حرب نفسية ضد #إيران"
403,"عاجل | الهلال الأحمر الفلسطيني: إصابة 11 فلسطينيا خلال اعتداء قوات الاحتلال على تظاهرة سلمية قرب حاجز قلنديا"
404,"عاجل | حركة النهضة: قاضي التحقيق في ما يعرف بقضية التسفير في #تونس يقرر سجن نائب رئيس الحركة علي العريض"
405,"عاجل | الخارجية الإيرانية: إزالتنا من لجنة المرأة بالأمم المتحدة تتعارض مع ميثاق المنظمة الدولية وتمت بضغط أمريكي"
406,"عاجل | وزير العدل الأمريكي: تعيين مستشار خاص للتحقيق بمسألة وجود وثائق سرية في منزل الرئيس جو باين"
407,"عاجل | رئيس جبهة الخلاص: ندعو لمظاهرة بشارع الحبيب بورقيبة يوم 14 يناير لإحياء ذكرى الثورة وضمان الحق في التعبير"
408,"عاجل | الدفاع الروسية: تعيين قائد القوات الجوية وقائد القوات البرية نائبين لقائد القوات الروسية في أوكرانيا"
409,"عاجل | الخارجية الروسية: تزويد كييف بأنظمة باتريوت يفاقم خطر المشاركة المباشرة للجيش الأمريكي في الصراع الأوكراني"
410,"عاجل | البيت الأبيض: تركيا تعرضت لهجمات لكننا لا نريد رؤية تحركات داخل #سوريا تؤدي لتقويض جهود مكافحة تنظيم الدولة"
411,"عاجل | مراسل #الجزيرة: دوي انفجارات في العاصمة الأوكرانية كييف"
412,"عاجل | الاتحاد التونسي للشغل: ننفي المشاركة في صياغة البرنامج الاقتصادي للحكومة ولم نعلم بما أبرمته مع صندوق النقد"
413,"عاجل | جبهة الخلاص الوطني في #تونس: رسالة الشعب التونسي اليوم كبيرة ومهمة وندعوه للانخراط في مسار إسقاط الانقلاب"
414,"عاجل | البيان الختامي للقمة العربية الصينية: الالتزام الثابت بمبادئ الأمم المتحدة بما فيها احترام سيادة الدول"
415,"عاجل | نائب رئيس مجلس الأمن الروسي: نقوم بتكثيف إنتاج أقوى وسائل التدمير بما فيها تلك القائمة على مبادئ جديدة"
416,"عاجل | بوتين: سيتم حل كل المشاكل المتعلقة بتوفير  مستلزمات القوات المسلحة والوحدات المشاركة في العملية الخاصة"
417,"عاجل | المرشد الإيراني: مثيرو الشغب سيدفعون ثمن أفعالهم وسيتم التعامل معهم دون شك"
418,"عاجل | المندوب الأوكراني بمجلس الأمن: قلقون جدا من الأنشطة غير الشرعية خاصة تلك التي تمارسها جماعة فاغنر  في أراضينا"
419,"عاجل | رئيس رابطة حقوق الإنسان في #تونس: السلطات منعت وصول حافلة وقطار ركاب إلى العاصمة"
420,"عاجل | البيان الختامي للقمة الخليجية: أكد المجلس الأعلى دعمه لقرارات مجموعة أوبك+ لتحقيق التوازن في أسواق النفط"
421,"عاجل | مراسلة #الجزيرة: إصابة شابين فلسطينيين برصاص قوات الاحتلال الإسرائيلي في بلدة كفر دان غربي جنين"
422,"عاجل | وزارة الدفاع التايوانية: رصد 9 طائرات عسكرية و4 سفن حربية صينية في محيط تايوان"
423,"عاجل | الخارجية الأمريكية: الإقبال المنخفض للناخبين في #تونس يعزز الحاجة إلى زيادة توسيع المشاركة السياسية"
424,"عاجل | الخارجية السويدية: منظمو المظاهرة ضد الرئيس التركي في ستوكهولم أرادوا تخريب طلب السويد الانضمام إلى النيتو"
425,"عاجل | الجيش الأوكراني: البحرية الروسية استقدمت تعزيزات من سيفاستوبول في شبه جزيرة القرم إلى البحر الأسود"
426,"عاجل | الخارجية الروسية: الولايات المتحدة تخطط لإبقاء الأعمال القتالية في أوكرانيا حتى نهاية عام 2025 على الأقل"
427,"عاجل | الإدارة العسكرية في كييف: أسقطنا 15 طائرة مسيرة إيرانية الصنع من أصل 20 استهدفت العاصمة الأوكرانية"
428,"عاجل | مسؤول رفيع في البيت الأبيض: تبادل السجناء استثناء ومن الخطأ أن يتم الاستنتاج بأنه سيكون القاعدة"
429,"عاجل | نائب وزير الخارجية الروسي: لا حوار مع واشنطن بشأن أوكرانيا ومواقفنا متباينة وللتصعيد الأمريكي للنزاع عواقب"
430,"عاجل | وزير الدفاع التركي: اليونان تقوم بأعمال تحريضية ضدنا ولم نحصل منها على رد إيجابي بشأن التأسيس لحوار"
431,"عاجل | سكرتير مجلس الأمن القومي الروسي: الغرب يريد محو روسيا من خارطة العالم والحرب في أوكرانيا مواجهة مع النيتو"
432,"عاجل | رويترز: مجلس النواب الأمريكي يقرر حظر تطبيق تيك توك من جميع الأجهزة التي يستخدمها أعضاؤه وموظفوه"
433,"عاجل | السلطات الأوكرانية في زابوروجيا: روسيا تعمل على تحويل محطة الطاقة النووية في المقاطعة إلى نظام الطاقة الروسي"
434,"عاجل | الخارجية الإيرانية: إزالتنا من لجنة المرأة في الأمم المتحدة خطوة سياسية تفتقر للأرضية القانونية"
435,"عاجل | البيت الأبيض: الرئيس الروسي لم يظهر أي اهتمام لإيجاد طريق لإنهاء الحرب على أوكرانيا"
436,"عاجل | الرئاسة التركية: سنواصل جهودنا لتسهيل مفاوضات روسية أوكرانية تشمل وقف إطلاق النار وشحن الحبوب والأمن النووي"
437,"عاجل | مستشار الرئيس الأوكراني: القوات الروسية تشن هجوما واسعا على مدن أوكرانيا وتستهدف منشآت الطاقة والمباني السكنية"
438,"عاجل | لافروف: التعاون مع الغرب في مجال الأمن ممكن فقط على أسس جديدة"
439,"عاجل | أنطوني فاوتشي رئيس المعهد الأمريكي للأمراض المعدية: علينا أن ننسى أن كورونا انتهت فما زال لدينا 400 وفاة يوميا"
440,"عاجل | بيان مشترك أمريكي ياباني: تحالف البلدين سيبقى حجر زاوية لحفظ الأمن والسلام في المحيطين الهندي والهادي"
441,"عاجل | الخارجية التركية: أكدنا للروس إصرارنا على مكافحة حزب العمال الكردستاني ووحدات حماية الشعب الكردية بسوريا"
442,"عاجل | وزارة الدفاع الأذربيجانية: إسقاط طائرة استطلاع لجماعة مسلحة أرمينية بمنطقة تمركز قوات حفظ السلام الروسية"
443,"عاجل | رئيس الوزراء الأرميني: قوات حفظ السلام الروسية في كاراباخ لا تنفذ مهامها في الرقابة والسيطرة على ممر لاتشين"
444,"عاجل | تنسيقية الأحزاب الديمقراطية في #تونس: نرفض التضييق وندعو للنزول إلى شارع الثورة للتظاهر رغم ترهيب السلطة"
445,"عاجل | رويترز عن رئيسة مولدوفا: شرطة الحدود تعثر على حطام صاروخ روسي بالقرب من قرية لارجا شمالي البلاد"
446,"عاجل | بوتين: روسيا على عكس خصومها لا ترفض المفاوضات بشأن أوكرانيا وهي مستعدة للتفاوض مع جميع الأطراف"
447,"عاجل | إدارة الطيران الفدرالية الأمريكية: عودة تدريجية لحركة الطيران الطبيعية في عموم الولايات المتحدة"
448,"عاجل | رئيس الوزراء العراقي: لن ننسى الدعم الأمني الذي قدمته #إيران لنا في الفترة الماضية"
449,"عاجل | رئيس جبهة الخلاص الوطني: حل أزمات #تونس سياسي بالأساس من خلال حكومة إنقاذ يتم تشكيلها عبر حوار وطني"
450,"عاجل | رئيس جبهة الخلاص الوطني في #تونس: أجندة الرئيس قيس سعيد هي اغتصاب السلطة"
451,"عاجل | الكرملين: لن يتحقق السلام ما لم تقبل أوكرانيا بالواقع الجديد على الأرض"
452,"عاجل | مفوضة الطاقة الأوروبية: وجهات نظر الدول ومخاوفها متباينة للغاية بشأن تحديد سقف لسعر الغاز"
453,"عاجل | أردوغان: من المؤسف عدم إيقاف مظاهرات أنصار حزب العمال الكردستاني المتكررة في السويد"
454,"عاجل | الخارجية الصينية: نعارض بشدة القيود التمييزية التي تفرضها دول تجاه المسافرين الصينيين وسنتخذ إجراءات مضادة"
455,"عاجل | مراسل #الجزيرة: دوي انفجارات في مقاطعة زابروجيا جنوبي أوكرانيا"
456,"عاجل | الأمين العام للنيتو: شراكتنا مع الاتحاد الأوروبي أهم من أي وقت مضى لأن اجتياح روسيا لأوكرانيا غيّر التحديات"
457,"عاجل | الخارجية الإيرانية: أجبنا مرارا وتكرارا على اتهامات كييف التي لا أساس لها بشأن قضية الطائرات المسيرة المزعومة"
458,"عاجل | الاتحاد التونسي للشغل: القطع مع الأحزاب عبثي ولا يمكنه تأمين العملية الديمقراطية"
459,"عاجل | الناطق باسم الرئاسة التركية: الوضع الحالي لا يسمح بتصديق #تركيا عبر البرلمان على عضوية السويد في النيتو"
460,"عاجل | لافروف: واشنطن تسعى لتدمير العلاقات التقليدية بين روسيا وأوروبا وإخضاع القادة الأوروبيين لها"
461,"عاجل | مصدر رسمي بمجموعة السبع: قريبون جدا من التوصل لاتفاق بشأن تحديد سقف 60 دولارا  لسعر النفط الروسي"
462,"عاجل | الجيش الأوكراني: القوات الروسية تجدد قصف محطات المياه في منطقة أوتشاكوف بمقاطعة ميكولايف جنوبي البلاد"
463,"عاجل | المتحدث باسم المجلس المركزي للحرية والتغيير: ما تردد عن توقيع اتفاق سياسي جديد أربك المشهد السياسي في #السودان"
464,"عاجل | رئيس وزراء بريطانيا: إذا لم تنسحب روسيا من الأراضي الأوكرانية التي احتلتها لا يمكن أن تكون هناك مفاوضات حقيقية"
465,"عاجل | الدفاع الروسية: الطائرات الروسية والصينية نفذت مهامها في إطار القانون الدولي ولم تخترق أجواء أي دول أخرى"
